V1,V2,V3,V4,V5,V6,V7,V8,V9,V10,V11,V12,V13,V14,V15,V16,V17,V18,V19,V20,V21,V22,V23,V24,V25,V26,V27,V28,scaled_amount,scaled_time,Actual_Class
-10.3630494651588,4.54367201286394,-9.79589773551539,5.50800333404763,-6.03715599427489,-0.133492972364907,-11.7243461176622,-3.19834557193323,-4.76784222430147,-9.33212806886128,5.2241240042156,-7.74312234505579,-1.56034320038539,-7.14041803349475,1.18597782557697,-6.59870406570123,-12.1205390025684,-3.90409153348034,2.51343040062446,0.924396179705582,-2.45714487251707,1.68725664165106,0.977178353536712,-0.543368976583511,-0.289124786926125,-0.107586425389056,0.330641897772597,0.163577149556086,-0.2934395304967512,-0.32341780331065917,1
1.21468709816127,-0.333026614043173,1.06659412755014,-0.0420892626476865,-0.961936624369569,0.0598427740840272,-0.785062170756448,0.190604624855224,0.794022855087818,-0.22740268116309,0.82397406581611,1.25252366744517,0.450643461379395,-0.356169069284051,-0.426066630076625,0.435094926872954,-0.470290581888814,0.161659779428691,0.647329654056926,-0.033184950800022,-0.0889584248259754,-0.0577862204684281,0.009783714644739,0.0971213253616347,0.143735592140975,0.992646913896042,-0.034059513057212,0.0022719797060568,-0.30741284147278697,-0.3789870651675889,0
-25.9424344479142,14.6019980426299,-27.3686502881266,6.37839460769688,-19.1040334039646,-4.68480620428185,-18.2613929340355,17.0525663121462,-3.74260500983864,-8.233721369876,4.6648362538527,-6.52566786025865,0.92375858946558,-6.32597461208273,-0.0702237027595964,-5.83836021908828,-12.0616957125199,-4.77334851403019,0.852969608454831,1.66730429040185,1.78431598423494,-1.91775921336107,-1.23578743924962,0.161104731783341,1.82037804128869,-0.2193590586868,1.38878576213598,0.406809649908512,1.0897785230210297,-0.6748199579412352,1
1.19590986845744,0.383320117430749,0.245049461504724,2.35227113811202,0.0967543149380299,0.070351316730145,-0.0377976218291421,0.157894110943563,-0.368485284918053,0.741975758680825,-1.23222208948698,-1.61077058290544,-2.57084333733382,0.860095548630614,1.01629614792255,0.568730175447434,-0.344261009337728,-0.251521487477587,-1.15632638280619,-0.347050722249949,-0.0284443997781733,-0.190132452437107,-0.055028740590345,-0.507414133222159,0.472206292373903,0.106668939058019,-0.0182728316929369,0.004540154325774,-0.2934395304967512,-0.45486906566101576,0
1.82013610544416,-0.2229402386181,-2.09097852185094,1.03479591946695,0.716539715117587,-0.372522636847275,0.564688574063448,-0.126156184222892,-0.0651168836799995,0.507650014574177,0.348071573041734,-0.198895798591025,-1.83161425659817,1.29130880700331,-0.104244027801442,0.0818293584053015,-0.737122321501632,0.369665764960706,-0.0307940099996535,-0.11289816263172,0.114878938837473,0.0144214211647855,-0.0326308333796407,0.228937262624368,0.252226022032874,-0.625094908931017,-0.0626877893840017,-0.0493632238682974,1.3693844756515057,0.6224109775725749,0
-0.856165575158195,-0.44621837416071,0.793857367000715,-1.64275947832251,1.45215948710597,-0.857705541756917,0.318992499490798,-0.264565444491279,-1.51634552877578,-0.249316401354264,-0.448944476775966,-0.850893519233158,0.950495857681611,-1.47404825380113,0.331337252329039,1.15626753065304,0.704735954439779,-1.32617497639097,-0.099663524682281,0.48247567191116,0.147491933340766,0.236355047228783,-0.285594589884934,-0.801894770381303,0.844480332000195,-0.172266324337013,-0.237157049175199,-0.234737922560606,0.20792286732341234,-0.4987253139722036,0
-0.629523065627385,-0.370696513442809,1.63543301129996,0.0119791327667457,-0.0876896523614827,0.402067557715246,0.418322421692262,0.0743664595773152,0.38264414534508,-0.387970989215528,0.386441625740359,0.0991758979005805,-0.665713101222467,-0.0164437598258735,0.543509284798948,0.071674193479986,-0.661770929654541,1.02744630381634,1.1838525033862,0.470484908412396,0.129388619359683,0.263666879608714,0.256278041830553,-0.516462095547801,-0.554226197292475,-0.372320581549907,-0.0164124663512231,-0.0424849305260618,1.830503737860686,0.657843724667818,0
1.93494645561548,0.650677737498259,-0.286957048622899,3.98782809057201,0.316051835129206,-0.0994493763543019,-0.0214831582313935,-0.172327298889228,0.508730034701461,1.07295520625891,-0.427567391481657,-2.777649223895,1.63714014878874,1.5710801214626,-1.44536681818908,0.908649625166723,-0.122016068028642,-0.104109917156777,-1.6840216339214,-0.344452123814994,-0.173601631022283,-0.190973581696087,0.219975571293889,-0.216596550704603,-0.136691885594352,-0.129953649978571,-0.0500768352982461,-0.0510818960798855,-0.2934395304967512,0.29834702005427693,1
-3.7058559456413,4.10787318567637,-3.80365599543613,1.71031444791959,-3.58246604635748,1.4697289395611,-9.62156012711908,-11.9131046925977,-0.322296771337166,-6.62569249371823,2.17523030559549,-4.38107755793604,2.06329870945929,-0.673818453194249,1.40076321660287,-4.25492662033392,-5.16021301572915,-1.30252591599748,2.59445276115475,3.63960274068724,-5.49877168010629,2.94147540326902,0.916235852911927,-0.25550447969595,-0.18383483865098,-0.584538952417976,-0.315483570351021,-0.0972228121259146,-0.2934395304967512,0.14127280630646508,1
2.23713524363822,-1.43470133180948,-1.0363594592034,-1.67086030183675,-1.09201014525569,-0.297714360428815,-1.17345229680071,-0.0232846894163565,-1.43957459960149,1.74447030453545,0.674480250662504,-0.357783805446757,-0.154773068795305,-0.100858273648045,-0.780872173886352,-0.45151952174998,0.345276642041296,0.33790803230528,0.086534923493026,-0.423564002441782,-0.114696571249644,0.0861594403795838,0.260053420004366,0.674008156830295,-0.217837785494165,-0.210499742387978,-0.0016682095228434,-0.0540237412765994,0.04191993292810731,0.5963768371338949,0
1.27309034091857,-0.74440315814879,1.08361653132847,-0.682701118232236,-1.53708933335714,-0.502749513835197,-1.0643739020057,0.0397856589537621,-0.738666258379376,0.753594485097917,1.63496907002042,0.348595194334191,0.622901222006456,-0.319477138483072,0.355285016523866,1.59903897791213,-0.144380713401274,-0.472369611926354,0.425499891002538,0.169445242306361,0.465367013121107,1.22964022796005,-0.114756444992218,0.604354719926223,0.375965457037298,-0.0836700182272443,0.0323940010472484,0.0227589483710899,0.1815133095787047,-0.5597692642065814,0
0.908636658181293,2.84902401493181,-5.64734296336341,6.00941477810058,0.216656395035464,-2.39701442397293,-1.81930788593969,0.338526987742346,-2.81988277297887,-4.06309810827338,2.94119009271712,-6.15136219091534,-1.98952853525001,-9.15095100562097,-0.604289998808266,-1.95229039984463,-2.89255533222526,-0.912057960709434,-1.56373996709776,0.241921294746754,0.407260461266497,-0.397434852530952,-0.0800058534116311,-0.168596545191964,0.465058497798457,0.210509756241616,0.648704799002062,0.360224330288316,-0.29092433452106475,0.7205206828087736,1
-7.38154698606367,-7.44901515872674,-4.6962865237175,3.72843914957409,6.19830434711234,-6.40626663445964,-5.83145156036761,1.45717491941563,-0.6462025802667,-4.02912871953916,2.52894302060173,-3.308721722205,-1.99200968898389,-5.75721608217278,-0.877323474271716,-1.54755182348258,-1.90901678581052,0.500567470429737,0.136722438174659,2.93275812573212,1.17657484784395,-0.978692051214679,-0.278330343454922,-0.635873793806618,0.123539440325404,0.404729308452323,0.704914653621431,-1.22999168169143,0.18165304268846505,0.8200401790434568,1
1.88961791435199,1.07309853428207,-1.67801752213825,4.17326819444992,1.01551580609762,-0.0093890345376856,-0.0797056036973578,0.0640708218352963,-0.714516675807338,0.0422275201898101,-0.408402781057003,-0.929370065771482,0.0586863166856154,-3.51284546122181,-0.164612974126633,2.06985302474878,1.7333815808837,1.58075796212324,-2.33518537609962,-0.15357026465285,0.203727978494943,0.733795720552592,-0.0365597489616082,0.334305770703597,0.147171035637962,0.279556488222951,0.0316687807243937,0.0358833226413502,-0.2624187801299518,0.48073873048320587,1
1.31806535766092,-0.61345895609165,0.304633044529447,-0.421476791190611,-0.986628856134637,-0.854190548104835,-0.342662287198974,-0.262913557564547,-0.626589447510546,0.467299161229914,-0.494403312797334,0.0118982788970082,0.725957770996553,-0.541728346214506,-0.63871673318425,0.444040353029606,0.678705883347849,-1.83016012773263,0.919398310493952,0.179261228548261,0.087557978919168,0.293527700813457,-0.152475910649735,0.457701406831197,0.695271328501331,-0.15300858731095,0.0020003853584434,0.0178738014456961,0.4611192622091805,-0.06502660980509639,0
0.1149650477972,0.76676154669164,-0.494132199415659,0.116771978233793,0.86816853524791,-0.477982006349535,0.438495665220681,0.0630733402552484,-0.186207089214194,-0.159325098707444,1.20030360709416,0.281744446861465,-0.623844030466212,-0.658246292064356,-0.155888356613225,0.0562273489244218,0.653662125212474,0.33465531172159,1.02892683645358,0.0621985703923592,-0.284412898740297,-0.706865471630836,0.131404855625717,0.600742122018719,-0.604264275304309,0.26293785502267,0.0991446312768992,0.0108097183119463,-0.24467267519038635,0.668158695473396,1
-3.38203658613037,2.04321445541914,1.69996820672612,-1.27562909583489,-1.37443615850524,3.16048202603884,-5.16627915250948,-10.4669884326261,1.47396679294104,-2.25767086146218,-2.39934048333126,0.742061851434578,-1.65136701535398,-0.298766674231662,-2.02934986352515,0.496277145078597,0.584129655115663,0.198115862195932,-0.347494532268916,1.34274750808147,-0.796266091091967,0.535591822349561,0.450394952524471,0.57451342994648,0.187076459914979,1.37801958166866,0.131998897762618,0.0373855320314572,-0.16767973171242925,0.7294023660992258,0
-1.92745281973369,1.82762056700016,-7.01949468454197,5.34830323951426,-2.73918788004738,-2.10721929638307,-5.01584797563431,1.20586815982046,-4.38271250852199,-8.33770697381781,7.19030608944843,-9.42484446049178,-0.223292646427513,-12.8754942229841,-0.071918160688794,-6.2999613976222,-12.719207160428,-3.74017615583058,0.844059610296466,2.17270905626492,1.37693832294098,-0.792016725563067,-0.771414187530036,-0.379574271539528,0.718716522008066,1.11115125599517,1.27770725705846,0.819081152045361,6.850415706001537,-0.00573315006050353,1
1.26666270082581,-1.27730868566288,-2.94953972007058,0.75818782045222,0.210759744992876,-1.62609156783535,1.56887005207434,-0.712801362644325,0.211966992970969,-0.104521449624287,-1.00220064107003,-0.402547661391559,-1.40011809435172,1.24983309304341,0.117867746646306,-0.962494188444738,0.019129925651751,-0.349506692679762,-0.0873212408372159,0.550084943525902,0.551083154323044,0.745979429010276,-0.601678221715104,-0.0150140198903762,0.615207699847233,0.0862577710579749,-0.16646616365638,-0.0112189736089732,6.006287989939216,0.40067435002760843,0
0.378274504006009,3.91479678866992,-5.72687201536627,6.09414095882864,1.69887526405022,-2.8073139468834,-0.591118212837213,-0.123495593086659,-2.53071281390832,-5.15309460989926,4.65408842254301,-7.83953899762349,1.37181858033581,-9.63468971263612,-0.739596855842826,-0.663203945673478,0.891934540534899,0.978675639075006,-2.00547660274646,0.440439440893876,0.149895683076911,-0.601967245529085,-0.613724335539499,-0.403113687819411,1.568445255978,0.52188393400233,0.527937749881352,0.411910405834512,-0.2934395304967512,-0.8646718124038111,1
-0.464374143155571,-0.20258044821111,2.09273867864642,-2.72869824596722,-0.546590737568601,-0.2321736227991,-0.125059994665013,-0.253106017379783,-2.18987861501777,1.00598166807629,-1.10927342895754,-0.760950698717718,2.13954614049479,-1.25289400793794,0.184569470079651,0.0771830880755287,-0.341729237437193,0.446471143937818,-0.656459733414736,0.042412095313917,-0.144450339144596,0.264018091801893,-0.442479477566187,-0.435246270841736,0.558926630766614,-0.151099160328222,0.155027068528353,-0.0981233311649138,-0.14252777195556487,-0.12072510250355385,0
-0.311572208876145,-0.375072267067526,1.91223131478356,-1.2446201894123,-1.88219084188667,0.420348592232539,-1.55741951589316,0.732479338696989,0.719888040451476,-0.448773515855396,-1.8993625645646,0.290558176247308,0.869100176816743,-1.7393175815636,-2.37637142632251,0.780612667440262,0.73036338720881,-1.06397924524784,0.684293570528113,-0.109260981451192,0.429624775267746,1.53292370960606,-0.104191117147616,0.142722424927123,-0.458548645045431,-0.0683371769907821,-0.0806402481052412,-0.0079280924683733,-0.20680500244532943,0.8340206064450946,0
-2.3122265423263,1.95199201064158,-1.60985073229769,3.9979055875468,-0.522187864667764,-1.42654531920595,-2.53738730624579,1.39165724829804,-2.77008927719433,-2.77227214465915,3.20203320709635,-2.89990738849473,-0.595221881324605,-4.28925378244217,0.389724120274487,-1.14074717980657,-2.83005567450437,-0.0168224681808257,0.416955705037907,0.126910559061474,0.517232370861764,-0.0350493686052974,-0.465211076182388,0.320198198514526,0.0445191674731724,0.177839798284401,0.261145002567677,-0.143275874698919,-0.30741284147278697,-0.9902137008188536,1
1.83899913293896,0.0763216957008687,-0.71431640996022,1.55320043172719,-0.217961449899325,-0.672286731035176,-0.158583649715781,-0.107688689213844,0.689858507160291,-0.389302099314316,-0.354207490343065,0.592202470005572,0.723754780322966,-1.33564228720385,0.512802461278744,0.646770917072192,0.32202532349246,0.15102955686332,-0.696425020615296,-0.0810382265289177,-0.238885788243836,-0.627521231750214,0.323033280974251,-0.176684068605448,-0.393143875807052,-0.984917796709901,0.0667460748408434,0.0117936873646897,0.48068189757563057,0.4294575829133331,0
-3.81821371829341,2.55133767783118,-4.75915831591909,1.63696695878653,-1.16790008391088,-1.67841338780471,-3.14473247208576,1.24510555037845,-1.69254135414833,-4.75993137385013,3.64225693939881,-4.165202322571,0.703069875094878,-7.62431631397779,-1.49801239964762,-4.07999232998846,-6.71717654755023,-1.88754964911755,1.35674828969143,0.164453445972909,0.837685440079622,0.761712127064149,-0.417694265920243,-0.469712471536136,-0.225934235750846,0.586415248500604,-0.348107405939032,0.0877768724326224,-0.15789841402920424,0.7793442122205383,1
-4.19873460983989,0.194120636801706,-3.91758567828042,3.92074784640417,-1.87548574659158,-2.11893292738694,-3.61444510993627,1.68788446543007,-2.18987113590881,-4.68423332514029,4.37690666362302,-5.00744082816051,-1.30474507803596,-6.19247526385522,1.00240426741391,-3.31693430074553,-6.18883415213498,-1.04041264854272,1.23304434947994,1.0033504305956,0.801312235949018,-0.183000576489906,-0.440386862411508,0.292539411877521,-0.144967421927777,-0.251743981877142,1.24941367428483,-0.131524643545312,3.030811150702159,-0.14526721413550442,1
-0.527825503423075,1.03801238254462,0.870553403487333,-1.03437135167572,0.980892263237593,-0.317789202802141,1.32084345057093,-0.296049033467041,-0.469021894812008,-0.167817090501378,0.700018537496931,0.945976605727129,0.72888084100906,-0.0862756846208347,-1.02797881149747,-0.0197167519411439,-0.856563692479568,-0.320007667519854,0.388209474355033,0.145067943396012,-0.272577262339156,-0.497694399372285,-0.234496718642866,-0.443898591263989,-0.0668222204649808,0.18865093523363,-0.0124425097905045,-0.0649002261371276,-0.2323761615314749,0.03055721989215099,0
-2.45195428463566,-0.507951174509222,0.658270849746592,2.58307714774036,2.14697270575236,-0.0807734865305559,1.16425184105511,0.0031920289203211,-2.00593392109617,0.954703036152859,0.410014683878988,-0.208127190341293,-0.298655236974258,0.401310478412584,-1.45470578112333,1.34201918447618,-1.46469159675665,0.368039063342559,-2.02868249078746,-0.460357840282514,0.254133371406803,0.86114212510421,0.783473643567659,0.667332431784894,0.546431399464921,0.0089269726525204,-0.241043409341547,0.495578325668377,1.2784182211975128,0.3445646682879263,0
1.10402110530397,0.0683987625668273,-0.0407379276333593,0.860546146861057,-0.0400319338247139,0.1750084467212,-0.262475365601248,0.219732485985558,0.392850573364996,-0.648502117836414,1.19377019883762,0.702243884134487,-0.527290365350129,-1.29349970830344,-0.623569395321839,0.11992250218994,1.06216989489712,0.229744072836295,0.0337488897380225,-0.0688147352421397,-0.115750293732035,-0.144651375032209,-0.130336101821523,-0.376623769445195,0.471390291466284,0.443267352810903,0.0083971089650963,0.0284424985757828,0.10563823097883042,-0.10443026821273746,0
-1.01518828481734,0.930867598452001,1.24240984535961,0.951651679616535,0.0292183144520947,-0.262304926641853,0.320290029218534,0.411362392688346,-0.936313650898563,-0.623505304526912,-0.322033206667338,0.52435875282618,0.93084935830076,0.442558682557635,1.26869554519594,-0.46164682143395,0.212046597948716,-0.223325813642523,0.0151860592722487,0.107638588262914,0.339704607823268,0.807970124078393,-0.144772148808714,0.111943789096103,0.134578263810438,-0.163749651153636,0.019798995899492,0.0154104959674564,0.3624676867183679,-0.15307980591877254,0
-0.264868683737295,3.38613996883911,-3.4549969895002,4.36762905773351,3.33606042827178,-2.05391842272465,0.256890458421417,-2.95723544083265,-2.8557972336327,-2.8084555425423,1.84750351109611,-2.4148223375383,-2.57322454244165,-6.5991261303635,0.123470382678038,2.57237180761341,6.60936580903842,2.53066979960508,-3.60265725092653,0.482513022122587,-1.39450379366468,-0.166029306744804,-1.45208118338289,-0.251814670710545,1.24346054282121,0.45278677690471,0.13221807596169,0.42459946550375,-0.2934395304967512,-0.31279737778874284,1
-16.5265065691231,8.58497179585822,-18.6498531851945,9.50559351508723,-13.7938185270957,-2.83240429939747,-16.701694296045,7.51734390370987,-8.50705863675898,-14.1101844415457,5.29923634963938,-10.8340064814734,1.67112025332681,-9.37385858364976,0.360805641631617,-9.89924654080666,-19.2362923697613,-8.39855199494575,3.10173536885404,-1.51492343527852,1.19073869481428,-1.12767000902061,-2.3585787697881,0.673461328987237,-1.4136996745882,-0.46276236139933,-2.01857524875161,-1.04280416970881,4.781527282889681,-0.5073720320962417,1
-0.0075316636872791,0.569646587725181,1.40600201331194,-0.715872586655798,0.48504351659577,0.0037561608382776,0.615302768979504,-0.45799844778442,2.01719024285013,-0.491111792225726,1.76570443834962,-1.63089035436944,2.09687114585568,0.973942576177232,-0.729754112875014,0.234322422946643,-0.607056601595902,0.796926823926807,-0.195131596386409,-0.0875827908464258,-0.21983421783129,-0.0708056630447163,-0.0194129085673234,-0.506429428337748,-0.702552697424646,-1.11603623023972,-0.488843493836831,-0.394033263218895,-0.14993362677286384,0.26707315640456303,0
-14.1791651073631,7.42136996239257,-21.405835744128,11.927511869244,-7.97428068736155,-2.20271027666529,-15.4716122801735,-0.356594909586509,-6.38012489838839,-13.3482776536659,10.1875873241664,-14.5639797552132,0.59375935763569,-14.4915983463022,-0.281392503951236,-8.2641288443605,-12.4398049728466,-4.83707902601307,0.753149847889189,1.00276434172175,-2.36683606243662,1.13095519799655,0.991153238179024,-1.03313210707298,-0.327179344936207,0.634692903522304,2.17190494464567,-1.39528768393339,-0.2934395304967512,-0.7628144127633079,1
-8.42681446458936,6.24165891255794,-9.94646974501132,8.19961393161759,-8.21309336768256,-2.52204605104398,-11.6430282742756,5.33950009801351,-7.05101582770698,-12.2653238444006,7.04773274001302,-13.7429528415799,0.821627223133927,-14.1074642630375,1.02047093981622,-11.8478871921138,-21.6739867132891,-7.78404247450965,3.20430921695579,0.563869352833826,2.42746037443776,0.692666548056743,0.0203051671536146,0.499809093124917,0.467593621860553,0.483161969665241,1.19567086957704,0.198294350072086,0.9254523859428493,-0.5109200061090943,1
-0.865525495404455,0.765737914104163,-0.963221201286411,1.15297148014498,1.48148085280054,-1.80637253640669,0.880072808012246,-0.0213401681234202,-1.18173929270226,0.0135585353159961,-0.934411822643809,0.406347303517772,0.74661586433891,1.03435829774927,0.160573489320394,-0.875133181141075,0.0183902052448793,-0.153004639842036,0.512194419510897,0.232630925671514,0.411014758458285,1.03399631277239,-0.205121467864308,0.0983018726396391,-0.295960711757913,-0.39719002611979,0.376232780916424,0.0896251727577567,-0.2571089219590582,0.7759372173075342,0
-0.356326154090313,1.43530513012275,-0.813563965472736,1.99311717679272,2.0558775401316,-0.54357866590526,0.487691066602944,0.0854488054265826,-0.536351998021526,-2.23120932812687,0.273983570211148,-0.535839387011391,0.595677221650834,-5.14182349291966,0.732366764261792,0.623912780633594,4.09098324669186,1.63408402811385,0.26084733041578,0.303261648412104,-0.312862941766726,-0.687873797330169,-0.267002508610821,-1.15848006325515,0.271459963711122,-0.155397186179697,0.114328416432227,0.101525594435204,-0.2934395304967512,-0.08799445482207263,1
0.123498030733108,0.202177994807984,0.714970363056634,-1.70272377098442,-0.200511575252715,-0.217324312278836,0.150614711679113,-0.0225196130837577,1.06449979358332,-1.02129961891863,-1.0419590453685,0.528397152513126,0.88465122242609,-0.610166117977109,0.187163802986642,0.0758449946353985,-0.584301488710192,0.136778072339497,0.0143219969308971,-0.0773180601307528,0.286987991351915,0.993049794410335,-0.101903507316184,0.769039192419847,-0.410366426961871,0.678121277416378,-0.11515189170865,-0.0016686226423912,0.027806888842311164,0.5416182051010937,0
-3.21895201068387,2.70853541135777,-3.26304158740062,1.36186594394607,-1.64577567536596,-1.85298187130258,-3.06995821412732,-1.79687585578416,-0.213356097435365,-3.55198400939375,3.77974953895486,-6.98477147722078,-1.14097718858781,-9.37787845231763,0.921463506707037,-4.65207119462111,-9.09423129737693,-3.08254995409724,0.132330776389272,0.571654488206511,1.80787725006384,-0.890421395077162,-0.325814386573867,0.123039596922715,-0.0930137472776971,0.232105969675678,-0.310518998304807,-0.745294626799623,0.5393698036749808,-0.5747365453071582,1
-0.323329697837611,0.842450961640652,3.58066312365593,4.76462227448994,-0.13061842519254,2.93554432578155,-0.782019072806741,0.50029242867492,1.12538128033995,0.686666913307294,-1.72258860250383,-3.47075047641631,1.31768982372177,-0.0016684487509564,-1.61912436819465,-0.27636373742037,1.09844636731896,1.029367473191,1.65049895854551,0.274847507615469,-0.150195938168,0.404413881672212,-0.43880876308709,0.0556973319456471,0.150147071238698,0.598709829246422,-0.0035120684941773,-0.120661575786547,-0.09599664640536575,0.06700031720297465,0
-1.83042157948254,-0.827319659610073,2.01600140723607,-1.525369738847,0.837544523038921,0.0447303937525153,0.335489073333842,0.273301235748097,0.580714817768432,-0.93803602208853,0.860315972139067,-0.188616990236881,-2.60974979156606,-0.0043919026762992,-1.30091005798601,-0.154058376218985,-0.0978793006984735,-0.89192286508127,-1.41566941868996,-0.29900107237233,-0.0492172878005517,0.0095240964934184,0.0994310227719988,-0.266695945277529,0.375903974777014,0.863704700383924,-0.35288268470913,-0.138012280751251,0.4885069517222106,-0.48772894418402474,0
-1.51924353075082,2.30849245367643,-1.50359931953802,2.06410058377601,-1.00084505842829,-1.01689703316417,-2.05973051990126,-0.275166374590629,-1.56220609694371,-2.75579692797163,3.43824825990431,-3.52152936013651,-0.918761288376486,-4.45210024854037,0.499313753853031,-2.90790343439971,-5.24864639527919,-0.936814652613817,1.16012029433585,0.175018552247898,1.30787143187069,0.102825644139183,-0.0177462832428156,0.149695925673219,-0.0966024680642115,-0.369114567720136,-0.0192440931269227,-0.20831909164279,-0.2934395304967512,-0.4599560615138806,1
-4.64189285087538,2.90208643306647,-1.57293870931742,2.507298518227,-0.871782564349351,-1.0409025722626,-1.59390073966645,-3.25490508581579,1.90896268593707,1.07741752106048,3.33850216040272,-6.54261034532574,1.09953638182128,-3.26647554459315,1.01472790444294,-4.84238307827835,-5.269876299726,-2.34466857415508,1.95922405409272,-0.465679220344122,1.96359666634146,-0.217413915973245,-0.54933995583883,0.645545202036521,-0.354557818794591,-0.611763845006479,-3.90808047547799,-0.671248265147117,-0.14825682945573954,-0.809161291838485,1
-1.2600591240453,0.264625709541388,1.26806668668878,-1.04510217520998,0.992932218802869,-0.606826801473032,0.530190636095994,-0.008136075842123,1.49855714537463,-1.35336307630903,0.804967512228501,-2.75632644208344,-0.438745878499842,1.84320965166401,-2.21376017307586,-0.148378675712307,0.204971469850897,0.729365480531287,-0.0310827287104559,-0.329749571514368,-0.0534580375876309,0.0885222524322992,-0.646090611903695,-0.375752172093889,0.993159490741161,0.191330529909367,-0.167274196242104,0.033778018495747,-0.04191993292810731,0.13938133671683173,0
-0.348230275313456,0.397211494606673,2.3494089717125,1.17339607717642,-0.133879151919586,0.454457664341579,-0.226819085138412,0.0541966458854069,1.73578906380816,-0.236501347225622,1.40247548938815,-2.3302219844642,0.698721420911221,1.12676486924786,-0.954594466447617,-0.0426437095559825,0.295419450713229,1.13288214675307,0.779783930078815,-0.0500071025705833,-0.139747380360029,0.105727459711277,-0.144609071437144,-0.0688402280401347,-0.374897929960358,-0.455427013107502,-0.180041450787017,-0.161515183388726,-0.12589953189408232,-0.928253386435461,0
2.06294598775873,-0.746899134773781,-0.837816427850173,-0.865585520852982,-0.442595442283465,-0.0510029571523002,-0.746596001622008,0.0112605816926819,1.78827600535199,-0.452986192288505,-1.47710624352489,0.334038947844816,0.455285100381807,-0.34705348881109,0.733588461638012,0.23884724545076,-0.625079923216034,0.286686252603363,0.455916101628279,-0.0745852821274996,0.171336819728575,0.708430552765706,0.0564448048569174,0.182201910710065,-0.131881296721371,0.799877724741873,-0.0374364888718859,-0.0502685517370277,0.026828757073988706,0.03730072016823506,0
1.42712572344525,-0.919876245694606,-3.16550679495057,1.37884807332352,0.867670052521087,-0.880073653036894,1.48288791305275,-0.569837724645099,-0.0183982084673597,0.259635606128809,-2.04775572730948,-1.0291941338438,-1.60818408921763,1.25659168179936,0.0012244651470051,-0.491730563436303,-0.437132150241586,0.055289766991239,-0.0776537374715865,0.395289671609163,0.453192065902838,0.580948064820957,-0.664472759536459,-1.03631019139463,0.811281880161368,-0.162522151645971,-0.134535086432779,-0.0268347389023334,5.072311884300985,0.5550934573949412,0
1.05147042252351,-0.0823062870118914,1.37811893736533,1.22159146142498,-0.787408051353261,0.48508779604575,-0.693684936295262,0.327520389120819,0.522859200109764,-0.0952364991614813,1.41587671982534,1.64556559150944,0.497124514088744,-0.242323964312108,-0.352143730430295,-0.106434095226201,-0.180255171446058,-0.157388616837177,-0.361749404567356,-0.121883208810216,0.0377657067614506,0.341338601096055,0.0296492212581575,0.23848657965931,0.304655898222848,-0.411123998614878,0.0893301404216716,0.02809659121023,-0.16781946482218962,-0.5791186456607808,0
-3.61385045502803,-0.922135693038651,-4.74988736419275,3.37300132781874,-0.545207025424103,-1.17130106266974,-4.17231457141019,1.51701594293521,-1.77583268078792,-3.75405392305562,2.73157578227581,-3.48937464729063,1.54738008909916,-4.57126773103714,-0.517958568740869,-4.23908653141223,-9.25063451000699,-2.4348278029986,1.98738627690236,-0.320540972806239,0.7867870185412,0.893064859228385,1.03490656705841,0.097671080445461,-1.34555112500186,-0.788328913242689,1.05544197476733,0.0999714026087802,1.7159225878571929,0.6831377248322936,1
1.22761441351286,-0.668973794096954,-0.271784826118016,-0.589439741635524,-0.604795004349645,-0.350284967097775,-0.486364540645055,-0.0108086285956747,-0.794944156080669,0.264544748886681,0.881268050432366,-0.324703760782435,-0.263263800489225,-1.11273543930467,-0.540849503339651,1.53341124817574,0.831442610720144,-0.473346676550517,1.19012126352217,0.273799209937263,-0.0260547222626376,-0.295254768133076,-0.180458520061445,-0.436538663158256,0.494649059264358,-0.28373826696629,-0.001128278642713,0.0350745013143425,1.0621113672884792,-0.22279397079382982,1
-0.520237858514895,0.699603924844203,0.947859758818284,-0.690610697991468,0.402078816820631,-0.806640581109565,1.02660230427688,-0.228573506062461,-0.653994680359923,-0.585040029058642,0.0924163287643371,0.523196144385772,0.823379766055208,0.148317162214047,0.819710348131244,-0.396339378463315,0.0644473816506806,-1.39752151404228,0.143186001331692,-0.0431072849184954,-0.297364151184453,-0.836749241842589,0.252967805249128,0.120706160872611,-0.276156690226221,0.68826578214127,-0.156923141909522,-0.0256635097729358,0.0975337106127297,-0.42951632420493663,0
-10.5273044341626,7.63974510878724,-13.4431145027514,4.30340291762786,-8.04820986720506,-3.46699653575204,-8.64319279153494,7.28410530047069,-2.36209663777244,-5.99659592015915,2.5891035399443,-5.9622614216576,-0.468955402702701,-6.77818372152522,0.907946622048306,-3.97013003226966,-6.85761265464239,-2.51173568202806,0.511761951503497,0.847085223070639,0.937415595523653,-0.931178206442092,-0.235696693319785,-0.0313933540844794,0.591558276561224,-0.263516323288921,1.10889729755393,0.219021143211497,1.0897785230210297,-0.3942363044678626,1
0.288028928428076,0.965681439446855,-1.45949519977085,1.92186300234526,-1.91241402974899,-1.13028190025527,-2.81426265960526,0.648663224885543,-0.695262639845074,-3.46568908576121,2.35161910622909,-3.82670531942496,-0.767569849115369,-4.8528669146236,1.66486300420352,-2.61736133003734,-4.83555830647772,-1.92175160139324,-0.385884175181753,0.330916894188196,0.603127128021142,0.380690182113136,-0.0641251755885565,0.271380100640141,0.33721953478356,0.626155869423677,0.565124825956713,0.305925255390835,0.019003702927408644,-0.6685698845146207,1
-1.15246585527211,-0.350442235894165,1.53046271847361,0.459702757784882,0.472314692721697,-0.24213796559751,1.34471194606657,-0.429406607315611,-0.603544385991678,0.280028090435064,1.92764160892474,0.327464510134038,-0.601039094243529,0.257551885620921,0.801202241108089,-0.393039342993287,-0.196449369976882,-0.579417700955219,0.787313970323658,0.171676542491807,-0.40323695217331,-0.91299359282618,0.62709286446026,0.165802702483719,-0.704149460304853,-0.14630920019755,-0.30346573951467,-0.288623951956328,2.125899531894082,-0.2956919136737979,0
-1.04006722316026,3.10670266443901,-5.40902719870311,3.10990342442989,-0.887237039790953,-2.49752183582566,-2.07334746311485,0.639818099305764,-3.01333057190308,-5.9548382969224,3.58639450927204,-5.51714762692598,0.683652475018798,-8.5604228759795,1.85609491585409,-4.87824808848093,-4.33599801203682,-1.3771910852015,3.0573817418767,1.05439010295385,0.773960867519738,0.214868420362258,-0.184233022038014,-0.284091370881042,0.493466608549931,0.732328821135949,0.675066703315442,0.337076231470716,1.0175365052749248,0.8325050811217237,1
0.0510754846328574,1.31042652386526,0.733222065309853,2.62028192286183,1.40235761449282,0.528488564738172,1.08601442622803,-0.146422713225732,-1.72433297471822,1.28016674259048,0.470864719590572,0.43554195900858,0.594974116113431,-0.142098601080574,-2.02473460275883,0.828290651436422,-1.27478714656577,0.134277305184542,-1.48943421708841,-0.125876996990695,0.229936134951611,0.766926566765976,-0.189623667620704,0.766852957965077,-0.141400750027805,-0.0772779620355944,-0.29759539535716,-0.221816034161724,-0.27289876336197866,0.7990930344576417,1
-2.74048250153169,3.65809481979987,-4.11063552027473,5.34024166876747,-2.66677476000958,-0.0927818149405728,-4.38869880914515,-0.280132705503576,-2.82189458229917,-4.46628416302479,3.96979981229186,-7.34671678644283,-1.16331176961366,-8.22556891234807,0.82500183194645,-6.77286703365235,-8.81578542555918,-4.56885928410549,1.12659865645629,0.185325269832133,2.41749541196206,-0.0977119508973041,0.382154506973307,-0.154756519767143,-0.40395592644091,0.277894930235294,0.830061638644528,0.218690442242457,1.2622091804653113,-0.5142565114721742,1
-1.23280412810524,2.24411874456383,-1.70382579275654,1.49253586483501,-1.19298516971563,-1.68611021267902,-1.86461150490967,0.856122313785725,-1.97353527775248,-3.94238290411726,2.40165068027699,-3.39426561777896,-0.145161724970334,-4.32979551307589,0.758760885824274,-3.19904647594093,-4.48018356526203,-2.48566878350317,-0.0958074336903356,0.207889301735382,0.560475065574211,0.165681717805126,-0.0137535165177887,0.474935180269258,-0.218725074414735,0.302809125708237,0.46603094153746,0.250133538809307,-0.29679312513099976,-0.43127856295304223,1
2.04771581189678,-0.0794438244280749,-1.07085034758426,0.425282810140019,-0.163511102641864,-1.21866746602401,0.188284526964871,-0.33229949196003,0.553831823551077,0.0726044158113705,-0.748538826112541,0.393531183452128,-0.0270925246517849,0.295664644027927,0.0502309423063486,-0.102588276397569,-0.279422980357065,-0.859923849614681,0.141081243039144,-0.215868026023446,-0.285366254365142,-0.708687443394375,0.336066579579385,0.0441916618809708,-0.305289886644042,0.194919800427978,-0.0726748349458483,-0.0587889113418281,-0.1817927757982254,0.8388138958399417,0
-0.061256725633596,0.149844882710571,1.01476697957905,-2.3467156313952,-0.116598320584231,-0.122954386166364,0.214821400946541,0.142196784650559,0.919803647271547,-1.47547583374816,1.14682670527513,1.46729178021603,0.606138756462749,-0.0387613066059344,0.423459776951758,-0.40103680515807,-0.449747277234442,0.391978724410626,1.30800858857565,0.0576466911276495,-0.0614318383039794,-0.0886971566199192,0.0462047457155224,0.713051107706426,-0.341771134903116,-0.499794384460793,0.0754971336242238,0.0372204585627359,0.01970236847621044,0.6769816374722447,0
-2.98646550822273,-0.0008912294816884,0.605886830263541,0.338337780759695,0.685448451171472,-1.58195443740193,0.504206377175919,-0.233402618007887,0.636767742518801,1.01029102209398,0.0045179679664243,0.0443966388940644,0.420853062352676,-0.931614224984722,1.14797368277192,0.48306309357216,-0.152470829644753,-0.285666258848129,0.0725498490088206,-0.764274258309323,-0.875146363670133,-0.509848660993286,1.31391790371009,0.355064731381086,0.448551563224067,0.193489780350156,1.21458768687535,-0.0139228973515758,-0.28240061482568296,-0.35063851783973027,1
1.99367893014763,0.224901817093638,-2.79732183154879,0.75449746713867,2.07771331282302,0.918359019953743,0.699588764797631,0.0618685042778782,-0.501369969090504,0.430959357078463,0.7811284292528,0.731966286074496,-0.368892784890181,1.1552555283391,-0.174901999691129,-1.30529871216943,0.0913959317635559,-1.04454437551667,-0.79381147049296,-0.349885663496116,0.381810834898257,1.34077913329177,-0.19885165438682,-0.898293220709143,0.743960519474437,-0.113162396652592,-0.0140296188451574,-0.100191085919142,-0.2934395304967512,0.3832869277129666,0
0.754315925858731,2.37982185248504,-5.13727449343089,3.81839172249665,0.0432026520139663,-1.28545137361934,-1.76668362059541,0.756710661816359,-1.76572209782095,-3.26300672553831,3.59279683214404,-2.77234880583364,-0.0745336542111445,-6.28109364908023,0.165978009089423,-2.67917124597012,-1.38555652893852,0.249056748544312,2.3534526931986,0.369662961829814,0.397057600980957,0.141165218358707,0.171984534755456,0.394273775761011,-0.4446418368392,-0.2631890643687,0.304702950350999,-0.0443622747894533,-0.27946621952071543,0.7630258814130805,1
-4.39797444171999,1.35836702839758,-2.5928442182573,2.67978696694832,-1.12813094208956,-1.70653638774951,-3.49619729302467,-0.248777743025673,-0.24776789948008,-4.80163740602813,4.89584422347523,-10.9128193194019,0.184371685834387,-6.77109672468083,-0.0073261825777121,-7.35808322132346,-12.5984185405511,-5.13154862842983,0.308333945758691,-0.17160787864796,0.573574068424352,0.176967718048195,-0.436206883597401,-0.0535018648884285,0.252405261951833,-0.657487754764504,-0.827135714578603,0.849573379985768,0.5170125061133236,-0.9129101610686216,1
-0.769171691743673,1.3422122564916,-2.1714541366788,-0.151513299728476,-0.648374467317641,-0.973504253142134,-1.70665765414268,0.313744516691369,-1.98230184657376,-3.15812700566592,1.3415717221686,-3.29947236985172,1.24764737362737,-6.39337284276668,-0.0532048016171774,-3.25804634128955,-3.34889609796046,0.217330714330335,-0.917407954929339,-0.102294252090737,-0.0361222946216654,-0.753591202726119,-0.0471133973013113,0.358492767536875,-0.287406815695466,0.476505957022081,0.250530561357973,0.250987222920341,0.2515195975686439,0.47589844805507586,1
0.915188570836804,-0.516618611259033,1.10439480166723,0.899724070801047,-0.942511774249951,0.229000616334229,-0.491522885202096,0.133725505750223,0.785115570743238,-0.36311922364247,-0.365055245297963,0.98122127613392,0.892417604254824,-0.521087386270821,0.373417474429258,-0.154049506938189,0.059019797525108,-0.764931530087268,-0.441541732865956,0.157920305316024,0.0157629732047719,0.052386980320176,-0.0511010373110479,0.151780618976464,0.167794426728383,0.330901967809785,0.0170215289972374,0.0459111159969798,1.4357577027876756,-0.3640902736169363,0
-1.20139778318497,4.86453518123444,-8.32882331553453,7.65239936205533,-0.167445105903909,-2.76769464972835,-3.17642095110716,1.62327867967437,-4.36722762476754,-5.5334430286147,4.1064045585523,-6.33182479621436,0.671784814909419,-12.1565865835299,1.02025178475153,-2.11086343309451,-1.55854452752772,0.195991826282669,0.502453451135321,0.597025549850308,0.532320016259289,-0.556913021850898,0.192444399731584,-0.698588444235578,0.0250027161193826,0.514967603188505,0.378105295962737,-0.0531327938498238,-0.29665339202123947,0.837333615291533,1
1.8481638602535,-0.677339124434114,-0.588953461447895,0.115014326020658,0.0547073828471805,1.49171668533961,-1.00256541542978,0.588073968915635,1.3618728945427,-0.10619362959264,0.645104553686541,0.798373988519952,-0.685352282165885,0.197856718476362,0.668869038430306,-0.382088250594451,-0.10734777002433,-0.351049390505788,-0.768409324526707,-0.334393145531925,0.276036231498793,1.08959476923912,0.121924820063271,-1.62728214979484,-0.283552192960745,-0.0985249268226103,0.0818178837076685,-0.0652242489561025,-0.16781946482218962,0.9913767783926033,0
1.48356072747776,-1.09190956312145,0.500128125205133,-1.69000518326495,-1.08957865777586,0.481505757135962,-1.38062470343173,0.132328248698106,-1.97646917345822,1.52218558971685,0.862495093775859,0.208656568869832,1.78129843898916,-0.553825039992753,0.323824734613097,-0.0600938528805147,0.0348258803681207,0.479611982172622,-0.204884216588221,-0.252454843103741,-0.026029419714875,0.414145954073049,-0.0942628130191451,-0.785162416999273,0.389064212930478,-0.0427886170280638,0.072276973665094,0.0066546519236489,-0.22357297561657236,-0.16911617852653343,0
-4.84437152213983,5.64943864783758,-6.73039574613665,5.25284201867297,-4.4095661499774,-1.74076745609347,-6.31169852901067,3.44916731253577,-5.41628435913526,-7.8335555711125,3.6573495649865,-7.7814479532704,1.50772042676786,-8.60475886835984,0.0105926875670707,-6.55397325691037,-12.6243936527694,-4.98990973846596,1.64541389333247,0.284555090358885,1.19488835625662,-0.845752531858704,0.190673885417928,-0.216443252531192,-0.325033100382822,-0.270327592956951,0.210214051535782,0.391854886292055,1.2534059945504088,-0.57259836229279,1
1.90197475864305,-1.3020404586151,-1.30473823911949,-0.810432468215366,0.0509584841063097,1.65243755962877,-1.05302753014042,0.539212194936565,-0.199246999257091,0.894807385460883,0.388863246164905,-0.0451744048520374,-1.02804533371614,0.413938737996843,0.472970078017453,-1.74380150973092,0.239392007261738,0.555993046576431,-1.36035112671683,-0.591847031298254,-0.260415075368616,-0.300136664737219,0.280815909938882,-0.981526369944713,-0.579649639355158,0.637930771502164,-0.0127492827776839,-0.0639551476723837,0.7294068329490674,0.67823870111256,0
-1.10103546371767,-1.67492805871463,-0.573388195590639,5.6175556662941,0.765556412634615,0.440607080848915,1.93474047501363,-1.01978754945585,-0.19324423129657,1.7837390603636,0.606910821999133,-2.85427542751023,2.37947304553589,1.26814661675691,-0.28361908940932,-0.482192055998123,0.8110054093379,-0.357910684579857,0.752760921550722,-0.0383141473363703,-0.412525822025647,-0.208823118913215,0.344832725150856,1.09143473162108,-0.686512742633337,0.0758089204336296,0.0338647378770195,-0.83285502022751,8.567036959407533,0.30457359696425007,1
1.02880662765352,-0.167460338630137,1.34462036854433,1.64979417869834,-0.717661965119619,0.807931455661795,-0.610832684831065,0.397065328174622,0.923156974033363,-0.257200878583612,0.83648755744709,1.93263267288977,-0.0241260935218613,-0.606659979606488,-2.46029003651122,-1.02777683453081,0.577444748482787,-0.971095226099736,0.385402901203559,-0.18832487548297,-0.348085519858226,-0.536812734669818,0.0952086241326998,0.228722125279505,0.3816449864442,-0.540081418927691,0.0908426673610651,0.0207392390028454,-0.20401034025012227,-0.5774386447209201,0
-2.86636370525907,2.34694943137396,-4.05330668845935,3.98335888025187,-3.46318571327039,-1.28095301603103,-4.47476383461874,1.21665528478137,-2.30982869782019,-5.51550707258062,3.04839203447565,-7.12825076846601,0.0059558009251745,-7.49518733635876,-0.25108802193356,-7.5680148993231,-12.2236328477344,-4.89517519350497,2.52496746940249,0.270013154062001,1.04973156228305,0.475840283409025,0.404480059350581,0.282029789710327,-0.506901095688855,-0.371741093052833,0.615256964379468,0.803162841917988,1.4326835743729478,-0.10703838155993374,1
-4.32060921481281,3.19993870654465,-5.79973605389345,6.50233023566696,0.378479252807864,-1.94824637096657,-2.16785950480668,-0.728206711605414,-1.97723831745674,-3.47341070390428,4.56919375212135,-9.32115263136084,-1.59251765115386,-14.2668362798028,0.467776602458787,-4.06620855488173,-6.62696817708246,-1.43715841938037,-0.215409738450978,-0.263686068021973,0.47666042483552,0.434278328284482,-0.13693991841301,-0.620071695417129,0.642530576414265,0.28071734804164,-2.64910674899003,0.533640939848599,-0.2934395304967512,0.7911747083494872,1
1.45216388072101,-1.68836538599417,-0.651132050938568,-0.545018471927476,-0.554055724823528,1.41770234155337,-0.868805015523895,0.525892036929104,2.18834441661128,-0.825339956547526,-0.574181636979661,0.60316081985444,-0.836419574630176,-0.25571541699788,0.62302508555026,-1.15450337422723,0.931620779881603,-1.84087079039907,-0.490334450481895,0.129741464305709,-0.0560965545733786,-0.271572553214669,0.306329475723209,-0.248930346313802,-0.851482866689602,0.446907890009342,-0.0134446255567485,-0.014746826316574,2.864528750087333,0.5653614351672365,0
-1.23682093279915,1.00050979594094,0.212540029162149,0.933160858096009,-0.366623267670313,2.07442346958883,-1.37402959001955,0.533117990446072,-0.0594371579765381,-0.255862188808844,-0.587048445769177,0.523319149797231,0.586356555557822,0.447724664443971,2.32676846787651,-1.44659585397416,1.67880964270845,-0.833052919547916,1.34996393644287,-0.376356989708695,1.19108003347582,1.17482216066632,0.385062294938117,-0.259844991670007,-1.1302982812644,0.994535323815609,-0.11047423650073,0.0406657655340067,0.09431984908824147,0.9640620777969666,0
0.0464008623835049,0.810748064770464,-1.69953765704,-0.682044135006637,2.00673703470959,-0.786725382105157,1.3247854956743,-0.175364140271571,-0.609630477853818,-0.54401730822401,0.427013025534167,0.322794058742498,0.0102148705364365,-0.628566280019546,-1.3780582725189,0.132826538830183,0.1539858726304,0.599782430950496,0.211165860218956,0.133481926551859,0.158116400296947,0.573870693400444,-0.139388571997037,0.0673325495187247,-0.267191578815208,0.543013051351944,0.283812457751316,0.183010222513167,0.04443512890379375,0.5368014191896051,0
1.15937314510686,2.84479469928473,-4.05067950821309,4.77770088131929,2.94898004123771,-2.01036111013216,1.74408581794948,-0.410286521869204,-2.45019774688553,-2.04216786301424,1.84409317018026,-2.42593281501277,-1.5842751343556,-7.2083115791564,0.459828383286257,2.37529619792022,6.4435098643744,2.59184606301795,-2.88977035831304,-0.059264385833904,-0.176541018596848,-0.433469859425429,-0.529323202003731,-0.597019604985794,1.33595405267787,0.547092070642555,0.0099789442639121,0.160769150049196,-0.2934395304967512,-0.5218106415723869,1
1.89213305053472,-0.371774703304947,-0.0167405950573171,0.477975932024547,-0.95270217078701,-0.677347791749886,-0.590228942511032,0.075704339004389,1.05884590220515,0.0121904891908003,1.34735754604333,1.14623563007626,-0.609183967471962,0.302543838426574,0.0140887164004745,0.191856003219224,-0.504944072784754,0.0929567512693983,-0.0639985209886828,-0.273593348591515,-0.0917789625930042,-0.168483678794834,0.441567362753118,0.430368861824269,-0.56538644254824,-0.669298412850041,0.0318375780574552,-0.0368021364348235,-0.2026130091525187,0.39099378517134836,0
0.92376442016477,0.34404807190464,-2.88000365579163,1.72168007534123,-3.01956477860235,-0.639736122583852,-3.8013245024591,1.29909588513018,0.864065471140902,-2.89525166830126,3.02816223099618,-2.54917730779636,-1.56043182473423,-2.97131675769274,1.07889539651163,-4.70201182527384,-4.90809850732764,-1.5088732903485,3.0016850593747,0.170871765618069,0.8999311755668,1.48127100376248,0.725265549161058,0.176959582872624,-1.81563797523647,-0.536517111308732,0.489035020411905,-0.0497285787992942,0.11597848110109692,-0.6450616196148921,1
-0.234553364686186,0.82231831779366,-1.25887175891217,-0.249474571419589,3.65465572018656,3.36611615310964,0.748248706620469,0.737836748440664,-1.24922875919963,-0.118306647362793,-0.0955632213913095,-0.276030972488823,-0.327773879450708,0.958615652742737,0.93932793929017,-0.836534422076182,-0.215895357021382,-0.24319444842219,0.533988211803822,0.0839396835460763,0.144338294035358,0.299421490162939,-0.223372476171978,0.696045743923162,0.123137932031935,-0.431872221619005,0.166107127767768,0.154541576089003,-0.15706001537064207,0.534663236175237,0
-1.61298383241716,0.768013364591327,0.251416337668418,-1.05689697510389,-1.05686486344788,0.853542327550967,-1.0778476786953,1.26146957597268,-1.69536245188245,0.418331670649651,-0.266074230999121,-0.241365699162862,-0.205932470823248,0.922386261481126,1.14829719694898,-0.888205784384604,0.220862073992606,1.78351946140647,0.83751673200243,-0.644327329915837,-0.428435096711158,-1.17108916603879,-0.0082710204260511,-1.33178760572905,-0.617844022622498,0.902766962283648,-0.830908170879506,-0.369549583309913,0.32138615244882274,-0.32446339830120186,0
-4.86810843844627,1.26441977404559,-5.16788542660662,3.19364784504611,-3.04562137708228,-2.09616609885545,-6.44561018266068,2.4225355920307,-3.2140554159387,-8.74597261185534,5.41604190908794,-8.16412507731485,-0.165010607208302,-10.1935303551514,-1.89521031032574,-7.36047460938421,-14.6687710766351,-4.87711900477519,1.38560952778492,0.66730977994879,1.26920538901712,0.0576572516592633,0.629307399675982,-0.168431773502721,0.443743902404587,0.276539471570389,1.44127396787951,-0.127943726430018,-0.13540138335778662,2.349651664140791e-05,1
-15.9036352020113,10.3939171427504,-19.1336024646827,6.18596883540498,-12.5380209157442,-4.02703044708406,-13.8978265981985,10.6622517826007,-2.84495398482036,-9.66878891236125,7.39441941053863,-11.6356300484755,1.42327692545531,-8.64045910049478,-0.674719538892936,-7.69556878829619,-13.6841395944616,-4.77740603940726,1.26834277321029,1.50156541071894,1.57754822493456,-1.28013712313136,-0.601294526869194,0.0404039214626868,0.99550197117886,-0.273742711729157,1.688135896398,0.527830799573719,1.0897785230210297,-0.6989508805319611,1
1.2879438381484,0.807169537921616,-0.208933789928739,2.27978308755773,0.704598872553257,-0.342406856613534,0.622447116342469,-0.29108494089352,-1.15890507876959,0.70684286920169,-1.10044346697786,0.170570992612352,1.17627692326742,0.257304601817887,0.149879120315118,0.5231573451281,-0.842271637914159,-0.359064137437903,-0.578536944143663,-0.0695122671602044,-0.0575324333285896,-0.129683933524866,-0.221658242772222,-0.427543327832704,0.877593768146082,0.11716881234565,-0.0339119454587275,0.0039120095541303,-0.25682945573953747,-0.5655141625254057,0
1.97685841558746,-0.506390481248843,-0.387472067009295,0.329192310771136,-0.64625711819999,-0.0923303865332115,-0.784912673301804,0.153928584524739,1.3706836972651,0.0369514262068237,0.20723122700874,0.595453144717927,-0.720920361174125,0.12905846808222,-0.10972642527082,0.408411693711317,-0.843935910421174,0.974487567777364,0.181900531763161,-0.268684839883477,0.260539479691509,0.967615975700565,0.0395278700885558,-0.39440310986834,-0.0495478199434243,-0.145868236555532,0.0337184510538069,-0.0547957886349593,-0.2934395304967512,0.6467181240381114,0
0.232512476136408,0.938943680000523,-4.64777987861917,3.07984368774547,-1.90265531863884,-1.04140751952949,-1.02040664482631,0.547068603184495,-1.10599029357172,-3.52012767367189,2.07411645462861,-3.01077173816878,0.694977689554512,-5.38783122686352,1.778669797797,-2.93580442477364,-2.28557270821558,-0.237055632781029,1.97974707098703,1.14161507545704,0.911372759326949,1.04292865643844,0.999393887913078,0.901260455221573,-0.452093168108936,0.192959213794113,0.180859449380341,-0.0293153378913553,4.513379445259554,0.5921474641384414,1
-6.75050851563533,5.36741605145469,-10.0546349530569,9.06447791765316,-7.96811808353808,-2.26379841398236,-10.317566180676,4.23766573099145,-5.32410880613734,-11.0923923688428,7.15408284221914,-17.1504052507291,-0.0953992277686904,-11.0301103643432,-1.95905455483077,-12.4485623424367,-22.6679054064789,-9.26460873295655,1.9823563171714,-0.0812198922441237,1.90903201764938,-0.34873973066671,0.425000563135111,0.674908669807175,-0.784208393488163,-0.247422102935353,1.1595813739152,0.197817874685768,2.6220918046531128,0.10766103925093105,1
-0.496713746804603,2.00892883744773,-2.41026105712043,-0.260957244792845,2.01484088602764,-1.07030781953197,1.5689915916372,-0.616791875826749,-0.18230633422681,-0.780432345667804,-0.635503661375921,-0.940904941031883,-0.360799228826033,-2.68445842350373,-0.140825866900865,0.12322064387231,2.03182542452085,0.843635897711281,0.151415904686487,-0.113324956264023,0.20919716087353,0.392837058873429,-0.19917903631754,-0.001652959672676,-0.75455285323084,0.496728864049778,-0.765836414915664,0.292676128245468,-0.29679312513099976,0.9856083835571376,0
-13.8972058704019,6.34428045616839,-14.2816664432471,5.58100899740718,-12.8871331616131,-3.1461763671985,-15.450467216827,9.06028147442157,-5.48612077680694,-14.6764702497464,5.1483517210937,-10.7495919949504,1.58548896754337,-9.79801207658904,0.733276999106463,-12.675268899047,-20.7406637223494,-8.15366802624724,5.2283417900513,-1.02522792390103,3.05808183846397,0.941180290424241,-0.232710298333368,0.763508019302571,0.0754562386388435,-0.453839571774416,-1.50896825698328,-0.686835738780169,-0.16781946482218962,-0.5096276976938169,1
-4.56634156694274,3.35345148012501,-4.57202780762531,3.61611930403552,-2.49313810882875,-1.0899997127127,-5.55143306976649,0.44778308394893,-2.42441402571208,-5.69992228265959,3.58682418337431,-6.63622904939297,-1.1281764439465,-7.24554959537009,0.638325536245456,-6.85681003898144,-8.85187850534679,-4.5918832274368,0.936939858866071,-0.249127726683026,2.67446587862872,-0.0208799797343963,-0.302447083877198,-0.0863964000107124,-0.516059779833395,-0.295102234035121,0.195985145691014,0.141115102721758,-0.2934395304967512,-0.5016623785523796,1
-7.03030814445441,3.42199090467553,-9.52507177254752,5.27089100906596,-4.02463027558805,-2.86568161775739,-6.98919473439446,3.79155093755913,-4.62273033596451,-8.40966487562735,6.30904400603177,-8.57676143258937,0.246746716929862,-11.5340460181508,-0.3642651387587,-5.45249465771382,-11.8875700201872,-3.56358481007011,0.876018768156628,0.545698040621445,1.10339774484256,-0.541854751589521,0.0369432219896495,-0.355519004066217,0.353634382097,1.04245799282131,1.35951563156376,-0.272188101257294,-0.30741284147278697,0.006966717184177446,1
1.15410420405426,0.103748261222035,1.41912173412975,1.3347316983302,-1.04530681547347,-0.475116610564638,-0.48746869493765,0.0003871161882487,0.617578560304086,-0.169351435492476,-0.231471882006382,0.926318953169086,0.835863803783784,-0.384152951565264,0.51071743860221,0.13785020800402,-0.332309606855341,-0.134037274378969,-0.490719508250182,-0.101388821299462,0.0204599386632006,0.261875030537357,0.0318797373320902,0.727676182735891,0.376055574033155,-0.421992361982272,0.0762438263965741,0.042756895471513,-0.29092433452106475,-0.4999471328375568,0
1.11923048028703,0.346015445585136,0.0529292974188273,1.19950459897147,0.12236389820254,-0.610260587129079,0.494719777494427,-0.180807871125303,-0.348238801174025,-0.017505854168369,-0.02991767883655,0.508484661801032,0.229278803695699,0.525428568534441,0.924236739110779,-0.31951539831184,-0.0844399824157809,-1.15862934720403,-0.523566970417661,-0.0723382425978399,-0.294821055893224,-0.930083695635107,0.0980045873557845,0.0372746957955236,0.381656593258378,-0.65317716956871,0.0079502228842022,0.0269638688363769,0.3968420317194159,-0.1710663894077703,0
-2.0997462196885,-0.971440740495413,0.759720411644863,-3.41617592018784,0.286765454367204,-0.0237744526362896,-0.0274551646108812,0.899155461293656,1.66519742229277,-2.84922261663603,0.52575557303017,1.67771089750659,0.143761257848811,0.252342571022717,1.17945750950671,-1.79751805682709,0.932074618388974,-1.93833481126656,-2.153848575033,0.190986352868513,0.41405166083673,0.974267106407421,0.234275632241926,-0.619667081271495,-0.0498762101546326,-0.992758385976769,0.329842741194025,-0.0162021671711956,1.521553832180535,0.018021828263959868,0
-2.04260819938332,1.57357807373238,-2.37265243271278,-0.572676430720841,-2.09735276458226,-0.174142123011242,-3.03951978687359,-1.63423295064356,-0.594808638750073,-5.45960189444545,2.37853722491518,-2.33027064686235,-0.24623272486659,-4.05852343611281,-0.316983146603949,-2.52266081131673,-5.60340034818128,-0.778439963776289,0.860211793588662,0.825565985313424,-0.723326195587733,0.501221637302624,-0.696892260580304,-0.600513726439022,0.127547028812739,-0.786072220292301,0.606097322391548,0.171696507911815,3.351778103821701,-0.36131768465325015,1
-4.59561704249556,5.08369023030901,-7.58101461744265,7.54603279503791,-6.94916456384443,-1.72918492987346,-8.19019171984817,2.71466961013434,-7.08316933143187,-11.1412776902967,7.38185937432083,-14.4686550955305,0.299659909360646,-13.602211465597,0.516112699650764,-13.5632729563133,-23.8156358284126,-9.17055721888169,3.66952343976659,1.68216030642087,2.24897122592187,0.566843572297808,0.0337440528595468,0.591783408003629,0.334228764687698,0.386801106292112,2.16389776726335,0.983103834042297,4.4450499545867395,-0.5116836428999401,1
-1.82422265440613,-0.620020693370301,-0.467198869613807,-0.407000056242754,-0.476089176769928,1.39157457311422,2.4523661115505,0.441657467576127,-0.843092289894088,-1.67094657417863,-0.520258051319495,0.543644236779497,0.502731989037439,0.52045443061816,0.174104109291314,-0.999377756638668,0.706510150359426,-1.9332564224561,-1.0929105064902,0.952881615304257,0.284531513066558,-0.127786541088868,1.24720711755931,-1.15369301506807,-0.0664637176931464,0.361554548201604,-0.209685282339727,0.0606355880608633,7.463983790959268,0.5463997462376202,0
0.517635540294575,-2.09753426374839,0.402506650229816,-0.109042635916342,-1.3041163184589,0.915655372661296,-0.62925023254885,0.0130777613676949,0.976986778861849,-0.0143117395104185,0.74698138166888,-1.36742358503582,3.15860470957976,0.741166605740001,-1.91261389449387,-1.07086982705737,0.39059151041628,1.81622347084639,0.0148454590650816,0.472286097835404,-0.49435943302099,-1.41990634124881,-0.379042500876223,-0.820997321628083,0.0075163011963644,0.878785845103531,-0.112961400786415,0.0696130557600986,5.902466289387271,-0.940271854697541,0
-1.27124419171437,2.46267526851135,-2.85139500331783,2.3244800653478,-1.37224488981369,-0.948195686538643,-3.06523436172054,1.16692694787211,-2.26877058844813,-4.88114292689057,2.25514748870463,-4.68638689759229,0.652374668512965,-6.17428834800643,0.594379608016446,-4.84969238709652,-6.53652073527011,-3.11909388163881,1.71549441975915,0.560478075726644,0.652941051330455,0.0819309763507574,-0.221347831198339,-0.523582159233306,0.224228161862968,0.756334522703558,0.632800477330469,0.250187092757197,-0.3072731083630266,-0.325250531608689,1
1.68799433879733,-1.74559248388286,-1.16799008559901,-1.09488675131588,-0.131793669748019,1.79395604268529,-1.03293369143666,0.533924405873076,-0.0396671064093002,0.60122755822549,0.772037793823285,0.2176620632431,-0.249167580395523,-0.178403374190521,-0.244352090898069,0.510040324370744,0.709441142672898,-2.36466598468859,0.350385094826315,0.267259826444351,-0.0235435737582503,-0.38922024620037,0.2906848693843,-0.982457135321996,-0.694597885164727,-0.50959603662757,0.0118329657570388,-0.0325978340362357,2.4173827988541885,0.7287327153749457,0
-1.03585866337859,0.741430469803832,0.701876828751198,-1.13498784922433,1.24133069703797,-0.637121871996762,1.06095819032591,0.0173287404936238,-0.356674285287854,-1.85979850528883,0.834907849129627,0.705906051444397,0.107002002722725,-1.48221577902962,-1.39284732329239,0.354569398336375,0.533383154545123,0.58037352809722,-0.0848144830681831,0.0757093937889193,-0.166998713420471,-0.515380145729941,-0.393137554023163,-0.505705053071497,0.84804761784661,-0.0458300212328779,-0.0163424415443077,0.0685496184519586,0.2040103402501223,0.3792925198839272,0
-1.10847821852891,3.44895257232738,-6.21697180605649,3.02105161812575,-0.529900931709915,-2.55137517507643,-2.00174290819286,1.09243237369483,-0.836098368778531,-4.09564897273592,2.42595071598052,-6.06726194524698,1.83243272022382,-3.50170251648822,-1.00400820464185,-3.5012811030282,-2.941876323532,-1.12574106196719,0.37371480785248,-0.0685983809223332,0.825951491439622,1.14416978988846,0.208559481945769,-0.295497424488562,-0.690232196243341,-0.364749075788586,0.229327220125504,0.208829891689567,-0.05589324390414309,0.08693711157320927,1
-4.25164819101439,-2.80151972937621,-0.713996986308395,0.403558406208276,1.97764879776698,-2.06548513175757,0.79615025088066,-0.458802984382957,0.518710025292428,0.25848101267387,-0.974543763645213,0.453958690069746,0.85730074181977,-0.277731510962292,-0.371244389498073,0.06178600704817,-0.557320210195923,-0.8217227614195,0.550102438878486,-2.07830493246716,-0.880909538274624,0.186534897228256,2.50226577746851,-0.0510924374049227,-0.0689301620830699,0.25333535272952,0.262927155911697,0.134776004148549,0.4668483197093551,0.7433123039509393,0
1.14043132434726,1.13424300279892,-1.42945474072655,2.01222598912655,0.622800198240135,-1.1529230868157,0.22115947772768,0.0373717733484629,0.0344859259841517,-1.87964382107016,2.19166507997652,-0.487849732811135,-1.75713709936308,-4.46105120749925,-0.402884205654366,1.4109171085787,3.61925125200524,2.28492676267757,-0.443999191918561,-0.0997118777920308,-0.367136001490949,-0.891627120817809,-0.160578066799212,-0.10832596200032,0.668374321480191,-0.352393242949003,0.0719927692746503,0.113684370071235,-0.2934395304967512,-0.17972485579012912,1
-2.37753280180283,0.520539361927579,-8.09413945532841,8.00535147326105,2.64075021376276,-3.38158645291742,-1.93437244067366,0.562322111872781,-3.10402718606356,-3.05121035544102,5.73576265915634,-4.74769250131792,-0.784223284478966,-10.7163393018774,0.656516978131348,-1.14246727231018,0.91859080878698,1.12633522330277,0.0929734778841175,-0.634747080915274,0.148284201590387,0.7210995412337,2.66129069804724,-0.508619933518595,-0.401656629278738,0.587611216267645,0.500326371108344,0.551759687906722,-0.2934395304967512,-0.5163359531949389,1
1.20337730000354,0.149739703074842,0.603744893989482,0.560316495478251,-0.59189045817748,-0.804040491509937,-0.0906716314532349,-0.0268077603664647,-0.109544907792472,0.126175285348113,1.53152841341542,0.707219036323581,-0.591731674786836,0.604515310921494,0.402649893176261,0.476427460767558,-0.554544823266959,-0.0172789892922767,0.0990446391492503,-0.140206965217777,-0.201649036382612,-0.658439846541515,0.159175234916434,0.508800717739788,0.133654905451995,0.067153685183634,-0.0376520805442947,0.0091374699899664,-0.2893872703137009,-0.1939285000998602,0
-1.58550536691994,3.26158454822833,-4.13742198305023,2.35709625199132,-1.40504331370135,-1.87943719306477,-3.51368687087654,1.51560674568816,-1.20716636120056,-6.23456133227108,5.45074606689486,-7.33371406736393,1.36119332407831,-6.60806825219469,-0.481069424899829,-2.60247787045261,-4.83511205239717,-0.553026089102902,0.351948943356815,0.315957258937511,0.501543149467536,-0.54686881157389,-0.0765836358993043,-0.425550366841581,0.123644186352002,0.321984539336613,0.264028160503965,0.132816719764592,-0.2934395304967512,-0.9022779872883845,1
0.0073790751145725,2.36518252886777,-2.60028738169342,1.11160176466249,3.2764413263667,-1.7761407852846,2.11453088108345,-0.830084106599812,0.900489974281822,-3.37617706712688,2.05681205985716,-3.9842567303491,1.02196791340796,-5.96790496861639,-1.15160831490592,1.67973960141233,5.58611468683053,2.78913115591619,-2.24107485298106,-0.0063884972816308,-0.563944162060269,-0.902099515410175,-0.404382448597275,-0.0129439005065412,0.589836154947909,-0.734449052212668,-0.447529183217452,-0.362374775122343,-0.2934395304967512,0.08000563916399393,1
0.4480926056733,-0.922810486436002,-0.0132931364539827,1.56404043661252,-0.734068162904538,-0.760530719070281,0.699542733489764,-0.282067971215943,-0.0551894525091995,-0.136120563613808,-0.409401510060267,0.0833071689880732,-0.226472778697522,0.516476348319805,0.978819198122394,0.239519824641218,-0.420273753049688,-0.219442728590157,-0.458337797939581,0.660541320874466,0.0656266273794009,-0.740807165866947,-0.304281825501542,0.372358382570642,0.306718034819362,-0.578690947135821,-0.061109421528297,0.0961781720621234,5.411164675469853,-0.5788366874610839,0
2.04756709267313,-0.0483520385527772,-1.11695287453941,1.78137543469805,0.218143843203219,-0.134808019543238,-0.141875064997605,-0.0827384978546449,-0.393227375498107,1.18884270510706,-1.51888085632229,-0.883052619348587,-0.664035777344454,0.151953277198214,-0.504955289479262,0.996580141741694,-0.562194657515399,-0.49384203129676,-0.799769626369294,-0.17810259303474,0.166731674063662,0.483079461802817,0.0996755813036205,0.58967845632386,-0.237943245439878,2.4711976051229,-0.216340425724291,-0.0837520274403373,-0.1305107245161741,0.9767267002666855,0
-0.760822172299794,-0.273721108039761,2.49301520740646,2.09373980040325,-1.83148720283838,1.43025169360756,-1.82053798313289,-2.26790334399726,0.777794260467869,-1.13173581739267,-1.34568549344133,0.747247167177366,-0.174593548934229,-0.536165786556889,-0.516464531608246,-0.39332980048929,0.6065898506729,0.344960889539066,0.6174173260932,1.17834519451453,-1.04556884978501,0.918762707032477,-0.519474153307087,0.463349047734231,1.21885191260843,0.131641170625287,0.0944380481420156,0.243894266394632,3.0650457625934466,-0.6278151764000987,0
-26.4577446501446,16.497471901867,-30.1773174564996,8.90415677106517,-17.8925996927224,-1.22790388102871,-31.1973285494605,-11.43892041491,-9.46257260540015,-22.1870885620007,4.41999660154863,-10.5923050053728,-0.703795803703315,-3.92620731586873,-2.40024649210124,-6.80988994039049,-12.4623149481086,-5.50105078380738,-0.567939572890149,2.81224110932946,-8.75569832116533,3.46089334478551,0.896537503959012,0.254835536763482,-0.738096558530353,-0.966564233789852,-7.26348214633855,-1.32488430656137,-0.2934395304967512,0.11360565796120725,1
-0.234922308660103,0.355412643473604,1.97218278594888,-1.2555927126284,-0.681386509254345,-0.665731671302037,0.059110489686438,-0.0031532770910343,1.12245113562848,-1.48124586053984,-0.473852105914046,0.9221844195147,0.913513839827119,-0.499349578859305,0.933898442932603,-0.560471962989049,-0.207706529097452,0.380541571066627,0.574335960915453,-0.0034694628125566,0.220670430492642,0.912107214037724,-0.286337679755902,0.451208246513352,0.188315252003614,-0.531845781256926,0.123184687838547,0.0395806345060398,-0.2934395304967512,-0.47181005415947086,1
-1.55034322502398,-0.0436760722000082,-1.75761734320509,-2.82385885222053,1.28749588587809,-0.744834239582873,0.615989912373485,0.0700785344228,1.02257544762625,-0.904006280954319,-0.0667531154617256,1.16218686814657,0.533115306903572,0.442122793315065,-0.636834806726548,-0.526298182663919,-0.760330037821167,0.712920969609789,0.920598110666078,-0.806959798819628,0.372290871026503,1.91142825610522,0.2986687633181,-0.0745931953768701,-0.163716121947891,-0.032977574598385,0.133061590661485,0.0587501660440272,-0.0503039195137288,0.7048954992422374,0
-1.84945455105464,2.5054570159892,-1.72847933498831,-0.524317782006199,-0.380248591521431,-1.29256664268255,-0.022506411986424,1.11585567002011,0.0234999357534794,-0.31003413097884,-0.453988061670007,1.10097818419822,1.14837887681708,-0.528151030467587,-0.436510065294689,0.44142110862562,0.941875632374792,-0.443411963165585,-0.544182249001619,0.240398283061804,-0.299515536262438,-0.792133802447263,0.326879753056354,1.05645274797874,-0.173231775263656,0.105338425745756,0.290451967097803,0.128420107481695,-0.12589953189408232,0.8198639551686463,0
-5.83919161928092,7.1515323543223,-12.8167600806187,7.03111476501099,-9.6512721679897,-2.93842725771624,-11.5432071690832,4.84362653179436,-3.49427572506535,-13.3207888671784,8.46024444901677,-17.003289445516,0.101556614891384,-14.094451660329,0.747030766392512,-12.6616957230679,-18.9124938172188,-6.62697484523061,4.00892074227194,0.0556838813863639,2.46205591127559,1.05486518382957,0.530480596078193,0.472669814042592,-0.275997967880675,0.282435024801752,0.104886020210564,0.254417096767513,4.108991825613079,0.10762579447596894,1
1.17464131959002,-0.0848970017132515,-0.256066571126865,-0.219801850389625,-0.149242226219113,-0.888967880999107,0.348766662268469,-0.191992468341485,-0.25725430619453,-0.0347032831352326,1.2115627071366,0.696074921041698,-0.309681567353279,0.721083512552708,0.192610911648047,0.303083951559649,-0.49987912626293,-0.3500866066398,0.742078826934728,0.0571213276320378,-0.318735137058895,-1.14425839384047,0.0449037212888006,0.0367198637810647,0.185373748870947,0.733109471562677,-0.127804979300274,-0.0042686538351511,0.6700202613009153,-0.18546975410895336,0
-10.6457996485752,5.9183066586857,-11.6710425949575,8.80736917876038,-7.97550136587277,-3.58680634405361,-13.6167970541448,6.42816934590602,-7.36845129274034,-12.8881582878915,6.85495311388866,-13.2116950297251,1.03561234332246,-13.7789556397675,1.04044835530024,-11.2903278082585,-20.5780220491922,-7.54782411219534,3.11847976563045,-0.0461701790327979,2.57196959291347,0.206809359357246,-1.66780140024191,0.558418754024331,-0.0278978765982558,0.354253781525514,0.273328726801416,-0.152908080809092,-0.30741284147278697,-0.5105675583594732,1
-6.71340697159693,3.92110415204576,-9.74667821737542,5.14826254938013,-5.15156271985187,-2.09938865681113,-5.93776683170198,3.57877960420447,-4.6849517505833,-8.53775768653457,6.34897930341209,-8.68160893168352,0.251179384774619,-11.6080022570993,-0.351568782034355,-5.36356643348466,-11.9390915052116,-3.58360287020043,0.897402406121681,0.135711322729059,0.954272201927517,-0.45108644858101,0.127214424071711,-0.339449869297565,0.394095513633807,1.07529509891805,1.6499059092424,-0.394905372194808,3.2267169705861805,0.006966717184177446,1
-1.10184700698197,-1.63244121283891,0.901066556872515,0.847752885502341,-1.24909072939532,0.654936785498635,1.44886782586722,0.0233079125519542,-0.136742416820243,-0.150129182778684,1.17235508293037,-0.795988136674965,-2.13695096583302,0.578869439330842,1.4121147225086,0.0134668068434063,-0.119204381070058,0.826814373772222,0.476859902488945,1.23027784051309,0.610653920616913,0.835795006603528,1.17995542066426,-0.0290908864225033,-0.300895693792436,0.699174952578756,-0.33607170899039,-0.177586827857027,6.957311534968211,-0.3745109787474007,1
-1.7567118508365,3.26657425418237,-4.15338789695403,3.92452561357555,-1.7537718434176,-1.0057867792296,-4.31321717578502,1.56071190324579,-3.29567366751075,-6.2133552491157,4.52299197543382,-6.6528440527591,-0.12468523386066,-8.60448620191387,0.110359314846888,-5.94548061159606,-9.33893779428438,-2.39019258818085,3.18415235636348,0.874720103498016,0.911427441871296,0.0530612807310541,-0.367700953962814,-0.776337755840596,0.292093831084717,0.025999713844171,1.0629681996854,0.501148168228208,-0.2934395304967512,0.010350215580540185,1
1.33226153247026,0.515372321055206,-1.00702864348722,0.398491132418771,0.777826442883544,-0.308176154324006,0.266058292992821,-0.0848865177142488,-0.329549988145296,-0.426988976092005,0.59939310783226,0.176584693370287,0.128890606117939,-0.90542846734927,0.332805987637519,1.04981236650025,0.068516281988051,1.07406431710186,0.478101458861916,-0.0204282586631097,-0.175476488773759,-0.477543982714188,-0.259984013630546,-1.11659412755942,0.723587534463672,0.435491246570084,-0.0394083207841116,0.0127349293275602,-0.29679312513099976,-0.1743559017375674,0
-2.45733522679548,1.77647253165203,-1.88786782459876,1.11732331900464,-1.24736139898943,-0.875903938198889,-0.314288817829419,1.60228343660312,-0.37044571150319,0.177557354930114,-1.07889443946522,-0.121257978995036,-1.33296712768258,1.90686931175198,1.05438519072242,-0.25448877142036,0.8541748100458,-0.276833311509406,-0.0859739256794373,-0.207411555747893,0.178757837322327,0.408754849260026,0.0135283182897004,0.0699398191111665,-0.653713026209786,-0.366041990731259,0.399220133253345,-0.0105720015062817,1.0897785230210297,-0.5071135704131863,0
-4.28058383167792,1.42110000741665,-3.90822884348162,2.94294608011161,-0.0762053360306411,-2.00252600045019,-2.87415473251562,-0.856005441485914,0.963674230223562,-3.23543895742654,3.34180192747217,-7.56286042898412,-1.8474434271558,-11.5714234295766,-1.4815558418284,-6.18091869945618,-9.28518598266033,-3.92172214129965,0.685510860299876,-0.198962780003302,-0.140061995134615,-0.90772022005271,-0.680107948583095,-0.349169892929711,0.0562758915123628,-1.14992266869478,-1.80988612030864,0.723051433275673,-0.2920421993991476,0.7623444824304797,1
-17.2751911945397,10.8196653713117,-20.3638859739149,6.04661174671427,-13.4650333517322,-4.16664724489873,-14.4094479851747,11.5807967244857,-4.07385571204177,-9.15336803834587,6.21088301172371,-8.77857203246194,-0.0613674966661798,-9.57466229922106,0.0492885399107771,-7.41848727872681,-14.1027718764864,-5.01642333521081,1.39031436050276,1.54497046707519,1.7298040916597,-1.20809608165502,-0.726839224163999,0.112539673508366,1.11919347248491,-0.233188990129274,1.68406299250578,0.503739738280361,1.0897785230210297,-0.6982929780660018,1
1.93992558254789,-0.322162143968392,-0.0292671988615409,0.623025108948846,-0.934518051946666,-0.835066876755476,-0.507357598960301,-0.157575400828227,1.26792061010131,-0.200844849279981,-0.416025479086072,1.23063768788892,1.17923470705864,-0.39835326348802,0.318432951451185,-0.103472967869956,-0.408682192247433,-0.0810439035192879,-0.40168213415959,-0.156429532249722,0.236688792795275,0.9881609885151,0.155029500228937,0.51642947824326,-0.116005427972587,-0.245503106880826,0.0491825142581956,-0.0289953267619914,-0.12589953189408232,0.6859103137959798,0
-1.61095763088632,0.343248731437284,1.98165588956964,-0.277251841894807,0.0666454755186069,0.260641303367067,0.291752564453357,0.337758417044328,0.0490997852928426,-0.987030310944701,-0.924596727458149,0.709640742330152,1.16155201663698,-0.64561828701373,-0.320177814883068,-0.0411351054414745,-0.210610882107719,-0.535054126869049,-0.747307223461933,-0.156510611680047,0.0984969140786655,0.643071876062567,0.0128531922998204,-0.190896288688247,0.612829027576705,0.452957266400629,-0.298515093697032,-0.292666013319689,0.43652623489135756,-0.02589316133883152,0
-13.1926709562391,12.785970638298,-9.90665002092758,3.32033688288942,-4.80117593230105,5.76005855618556,-18.7508891580107,-37.3534426378925,-0.391539743919107,-5.05250236713858,4.40680552357904,-4.61075647740608,-1.90948796970811,-9.07271093398351,-0.226074450896345,-6.21155748212485,-6.24814535335983,-3.14924669470095,0.0515761185277783,-3.49304991519446,27.2028391573154,-8.88701714094871,5.30360690376998,-0.639434802306313,0.263203123457008,-0.108876929971315,1.26956635541013,0.939407362758877,-0.2934395304967512,-0.19367003841680472,1
-0.734303155037818,0.435519332206195,-0.530865546585229,-0.471119606930407,0.643214386605141,0.713832369657908,-1.23457207133269,-2.55141159871634,-2.05772382572102,0.166830707878014,0.567551954604602,-0.85805991589575,-0.448067929957678,-0.264936238828755,0.88886293915465,0.838120616560385,1.42505965449185,-0.169664182600728,2.50202738858443,0.864536120628702,-1.00487737851609,1.15035358786928,-0.152555282700309,-1.38674463324096,0.0047160148280004,0.21914583821982,-0.0582573076118087,0.158047988697071,0.11108782225948438,-0.10733208801795134,1
0.867743020022356,-0.529447088777671,1.63307036344149,1.42532226049781,-1.10413694865921,0.980264667624457,-0.996000977090484,0.460776302620074,0.851160354997975,-0.119197594494404,1.05616806817561,1.53766413408204,0.574956906568553,-0.53442131204193,-0.352338850847097,0.139368165384823,-0.3134540086294,0.330901608578835,-0.538108626582831,0.0616024208825856,0.312290853782719,1.01338676010507,-0.176081002203209,0.0713471274473802,0.350055838186735,-0.172528892109266,0.0976970000704434,0.045449206462748,1.0200517012506114,-0.23737355936982343,0
-1.82429505976067,0.403326526860602,-1.99412200641801,2.75655816357726,-3.13906432572579,0.408185014718199,-1.20904511871624,1.09563435393431,-1.44722489217345,-3.95100289197434,2.56070020158284,-3.4119829114195,-0.781669619949492,-4.7327675351632,-0.433973654922625,-3.30608841178359,-4.23102187544855,-0.750809770409941,2.69080834203374,1.50368830479002,0.838760421033887,0.341727095787049,0.947506491293615,-0.145493002452622,0.0493257725258454,0.831065451615044,0.33242130393302,0.252712728641008,6.535457276601691,-0.2060879474617888,1
2.14592217606204,-1.08743736294243,-0.614967208383747,-0.902824259634204,-0.953667494918922,-0.265362199831584,-1.07580139042884,-0.0951841569593888,0.19537298727834,0.702652083575142,-1.33032100540813,-0.365228276879436,1.03308669954444,-0.737682225102897,0.285219961662689,1.33726320369726,-0.144575720569605,-0.876072997744031,0.509512453784216,0.0822009813393855,0.445005669306729,1.38668645171075,-0.0428854555899169,-0.636404769462188,-0.0023465420380937,0.0802250198857768,0.0207884138117573,-0.0487349998625094,0.22315377628729127,1.0220867256429234,0
-1.27813773524814,0.716241580332591,-1.14327922918382,0.217804800631468,-1.29389046969973,-1.16895152511977,-2.56418198278833,0.204532467641239,-1.61115462297744,-1.25028553742691,3.36736102310858,-4.58309584545642,-0.806939683730076,-5.20830522179452,0.525823682164556,-1.81591431259746,-5.24911146794949,-2.19669120679566,2.10905264474381,0.817203155491914,0.490182667533974,0.470427403079725,-0.126261344339209,-0.126644458784455,-0.661907559467122,-0.349792996571914,0.454851068382725,0.137843477172283,0.04052260183050372,-0.4840047462963616,1
-7.88058922007512,6.55001947104031,-6.17259100576301,-0.769678926140506,-4.55340776859241,-2.07786828710517,-3.8876515020375,5.69216390379563,0.419513229793527,0.972019151573811,-2.5709144596224,2.44101590922725,0.870907453699893,3.34828900149033,-0.695387775796555,1.25732047369428,1.72351144247259,-0.476355894583179,-0.58234091536175,0.29403519702441,-0.144865305567471,-1.03469303091037,0.828410895420697,-0.017477221290903,0.514838970423832,0.199277830155476,-0.200415048406601,-0.164711361352254,-0.1817927757982254,0.4155828898365817,0
-10.2817840384715,6.30238478416897,-13.271718028752,8.92511547634157,-9.97557831146449,-2.83251346361162,-12.7032526593299,6.70684583868978,-7.07842395823848,-12.8056831898117,6.78605830197451,-13.0642398936784,1.1795245105938,-13.694873039573,0.951479176238826,-10.9542857275047,-20.5835927904158,-7.51726213169106,2.87235363605874,-0.247647527731929,2.47941350799644,0.366932842343897,0.0428046480276363,0.478278891799746,0.157770817898023,0.329900959238367,0.163504340964582,-0.485552212695879,1.3456298469922447,-0.5105205653261904,1
-1.1476544697586,-0.459087482935449,-0.10782114961339,-1.42722253615887,-2.05960511095445,-0.0004909253613102,-0.85808570355533,0.723137957993413,-2.53994595005036,1.34259810764179,1.0615622420868,-0.155968358589028,0.355634535090608,0.386768390472435,0.236036615554098,-0.3626883129181,0.940209749345441,0.142911113229329,0.515087132721499,-0.972978775929756,-0.228526313394585,-0.142789961639269,0.964922709203626,-0.0367846021965559,-1.46515943287753,-0.602745344838594,-0.181269167964542,-0.0342547248075881,1.7466638720044716,-0.057578214029770085,0
-0.699142229753827,0.319289595269449,2.27845203022123,0.736121484704532,-0.684040296979191,0.742861575948975,0.375170074937698,0.367697700829766,-0.234212212965262,-0.523237724919016,1.25918480741567,0.922432176099527,0.0919437709585287,-0.153965956681814,-0.109443311640124,0.0391761331634542,-0.319883020169889,0.379760057248131,-0.49883172612044,0.183524338894827,0.371672222565346,0.99361821420024,0.0857133332530905,0.224879652470941,-0.0327200779038556,-0.288623285445434,0.0908484667502029,0.074140471733316,1.5091175854118635,-0.2907341486624608,0
-0.449075681925195,1.04351418918484,1.47149159942148,-0.0978516374475867,0.462251302861936,-0.478567948950913,1.0200128517123,-0.359761711801989,0.0985707930318501,0.178789912993878,0.20247703143024,-0.201875924146542,-0.0241660275951755,-0.873695081030822,1.23146744637138,-0.0918700804551755,0.0744592067949564,-0.649072675039066,-0.471326116873099,0.352323726793982,-0.369770749570382,-0.551769598262296,-0.0446142106752134,0.0175550591075034,-0.235123664509872,0.0496393059335905,0.0396069550031526,-0.284647743188213,-0.1817927757982254,-0.04480785723516489,0
0.471400438079059,0.251364846868752,0.0068232834731753,-1.54764904547764,0.0113614987542472,-1.23639249050137,0.590138291188537,-0.459828640367534,-1.48984754428834,0.329870034626526,-0.527374279789158,-0.0917880735672637,1.78224641787275,-0.369881211950078,-0.0748341086929351,0.630937529107024,0.101350149281582,-1.3043636892969,0.676073538649308,0.156590730709395,0.564393522343181,1.70646678925887,-0.187830734268296,0.152203053759,-0.37734774341891,0.0059535157317958,0.118334452688901,0.0970938640819899,-0.09781317683225041,0.37135069725913133,0
-4.38422089880268,3.26466481012305,-3.07715801666012,3.40359359659281,-1.93807528041028,-1.2210812776781,-3.3103166090276,-1.11197501012863,-1.97759328056305,-3.28820356526528,2.88609147657536,-6.84897793447677,-1.02923459062256,-7.46010298330266,0.0559060176229105,-4.33478342671028,-9.87456039324105,-3.54190332932228,-0.531558760456647,-0.141533268810834,2.07638272101207,-0.990302787008607,-0.330358452316133,0.158377625833497,0.0063514462492984,-0.493860013315231,-1.53765237842389,-0.994022490842227,0.33032907147348567,-0.3039274427566113,1
-6.35233691096656,-2.37033515007664,-4.87539667887196,2.33504453116197,-0.809554897212021,-0.413647316208307,-4.08230817063438,2.23908947335972,-1.98635950470675,-5.16533081830893,2.94293916487767,-4.12572224190365,-0.433094395260294,-3.5181311704857,0.420777387095712,-5.10447983930312,-7.9253889983055,-3.41570671508705,0.71833237368083,0.186898304507656,1.32521840044042,1.22674487561089,-1.4852168616857,-1.47073226048821,-0.240053392971609,0.112972036960476,0.910590643802817,-0.650943712766886,2.426605184098372,0.6652803721848236,1
-3.0435406239976,-3.15730712090228,1.08846277997285,2.2886436183814,1.35980512966107,-1.06482252298131,0.325574266158614,-0.0677936531906277,-0.270952836226548,-0.838586564582682,-0.414575448285725,-0.503140859566824,0.676501544635863,-1.69202893305906,2.00063483909015,0.666779695901966,0.599717413841732,1.72532100745514,0.283344830149495,2.10233879259444,0.661695924845707,0.435477208966341,1.37596574254306,-0.293803152734021,0.279798031841214,-0.145361714815161,-0.252773122530705,0.0357642251788156,7.084468664850136,-0.9894383157696871,1
-17.5189091261484,12.5721178535385,-19.0385383213549,11.1908946558522,-13.5547207079601,-0.41192361337145,-23.189396512394,-5.30141221815132,-8.63039030596902,-16.2556117491401,5.70211147983179,-13.8124040899594,-0.306815322507812,-7.01360737195925,-1.18229035380557,-9.3601791927531,-16.6683693822389,-7.14746777723207,2.16209864550609,2.52851232971436,-4.96947772242457,0.976124822110751,1.8412479337881,0.334417748210128,-0.720128461316563,-0.232603423065217,-3.02199247294556,-0.478158234859683,-0.28463634458184867,0.12847895299521847,1
-0.107283283780541,1.06125286901152,-1.09850323987964,-1.47440519775153,1.66449705551646,-0.8503690680887,1.719095429038,-0.445302918259588,-0.0936992410787059,0.246916346750299,-0.238071332036428,-0.414356876423559,-1.23785113012531,0.781658349658347,-0.644063569295537,-0.212471361965718,-1.09563637037332,0.544976455097641,0.542402442582612,0.0928632106352224,0.131645274534132,0.760814900308306,-0.420302844565594,-1.07528049873935,-0.207008970785681,0.115317817133007,0.32771517463737,0.0813533444624779,-0.29665339202123947,0.4666525687566818,0
-3.21538175967748,-0.364223121381638,-1.26188334354906,3.79494903930385,0.71120593031272,-1.31647560298004,-5.16514055601052,0.625278383544947,-1.582300584728,-3.25263359468289,5.04075120270381,-5.31444220386187,-0.656470662006063,-6.23304367078495,0.974771279276835,-6.8903177453801,-9.51641148491956,-4.36412771489086,2.59857755637223,0.0196261688931224,0.40134124079647,0.152191258747201,-0.93467547449829,-0.256148382367333,-0.469403308828214,-0.282495914081921,0.86607691066145,-0.433465943783225,-0.22483057360441558,-0.29196771578613473,1
0.315641749332386,1.63677796226183,-1.51964988293973,4.02857099852445,-1.18679426720391,-0.789813099852487,-2.27980740468004,0.472987926704315,-1.65763500271185,-2.89499040084744,1.60198538284757,-2.82494562476694,1.26920363552044,-5.59136368933409,-0.974827287131074,-2.73779549628906,-4.9615343155062,-2.22479740778771,-0.136117269757132,0.388884849068478,0.345920750226663,-0.1080015945344,-0.165441941824109,0.279894580016653,0.808783092569154,0.117362632970147,0.58959490284462,0.30906407378289,-0.2544539928736114,-0.1699150600923413,1
0.821770066416406,-1.16707096993814,1.10409092532983,0.84630621087851,-1.32119873488786,0.826703343762093,-0.847338934706544,0.308894284453396,-0.457379371432457,0.629060742933731,0.808713543547448,1.27956605034261,0.571226760495676,-0.438771805612946,-1.08266484693556,-1.75749548967175,0.221037594366057,1.0582402741954,-0.921003219684493,-0.183937850835954,-0.348491265135108,-0.655973480509494,-0.0460840283008134,0.0021862372717576,0.167376549488141,-0.447583195175176,0.0787990551788784,0.0597183328168464,2.3345210647662964,-0.13234412998273007,0
-0.425453905295819,1.2262449662461,-1.31490375687827,0.775567082421398,2.26436971774674,-0.768401416940072,1.37121448550651,-0.326371112363896,0.816324601470411,-1.71539376066542,-0.0692405822458075,-3.42218116881525,0.880846138134705,-0.601236472265117,-1.28761290585865,0.263420521441012,2.15798667687085,1.07727326673778,-0.764922294108495,-0.229285690186989,-0.210073094198641,-0.280529146551569,-0.351880789901071,-0.0988832514682097,0.411761758108683,-0.588555780532983,-0.0465773639464884,0.0892991817094364,0.4611192622091805,0.14114357546493733,0
-4.99175779387947,5.2133398229232,-9.11132629809104,8.43198635177602,-3.4355156720863,-1.8275651016855,-7.11430284412379,3.43120663145462,-3.87564287029742,-6.86850850672582,7.15062516950116,-10.2629840447185,2.73308493575221,-10.1275247811671,-0.262783621001749,-5.19027103814098,-8.6557110398096,-2.02444347438745,1.5604792800844,0.0981321924634143,1.18942283937597,0.247858476295777,0.294448330047117,-0.548503502162266,-0.174616566570794,0.406702503092405,-0.40233927269736,-0.882885795448957,-0.30741284147278697,0.21122193634793643,1
-0.0796525365521887,3.22201046223725,-3.7242013893074,6.03734512826846,0.583394746331946,-0.691346179707007,-1.79988483348006,-2.62778128431688,-4.00133786259094,-2.27152578398956,1.51389817939856,-3.68294346446482,0.185830426148668,-4.69278763834241,0.247495674947084,-2.68188105082889,-2.28614467887841,-1.04884490280911,0.994829500437418,1.1985372847387,-0.664694294683722,1.13855644649209,-0.350753364122197,-0.287467300585566,0.808889022979463,0.823961705381379,0.668496565754242,0.595609828713858,-0.2934395304967512,0.5882822871509299,1
-22.3418888868038,15.53613332478,-22.8652284959099,7.04337354768731,-14.1831291919342,-0.463144880408286,-28.2151120538009,-14.6077905214735,-9.48145633401495,-20.9491915543611,4.73958247105186,-11.9249546896802,-1.50141102577851,-3.83678146634435,-2.72032883823594,-8.88010567222989,-15.8251362851177,-6.75042522352437,-0.129188144339879,4.10001904830367,-9.11042257588182,4.15889482041313,1.41292844456256,0.38280067392155,0.447153952515532,-0.632816336434319,-4.38015425911661,-0.467862869164174,-0.2934395304967512,0.18334331935290593,1
1.14086473658976,1.22131743135767,-1.45295546048243,2.06757505760281,0.854742052227546,-0.981222507744598,0.325713913670098,-0.0377214068783676,0.113219371615132,-2.12697274994354,0.915947028928619,-0.468571538051367,-0.523377293666349,-4.86186658087283,0.421013353871263,0.866440624739209,4.08248488419359,1.1963181517001,-1.10076358353881,-0.0677120411898438,-0.377597095255037,-0.79345965987036,-0.132333171548173,-0.33158626897425,0.664877856718148,-0.309312434134138,0.099941947375597,0.122988311929089,-0.2934395304967512,-0.26271455256758186,1
-1.03051003673256,1.15423602628326,-0.268864127783274,0.696678332332391,1.36673921623822,-0.288786067051895,1.38603091512791,-0.548325756713616,-0.187892465798508,1.10181221343893,0.223078989956677,-0.0140327426756912,-0.910373476218203,0.336667730311815,-0.798871051924119,-0.967849076185615,-0.358794462325724,0.278152922644637,1.30627351524822,-0.261225893225095,0.0793604187708239,0.702742106731294,-0.158641601970663,-0.548309962481319,0.0105805095008132,-0.445277409711191,-0.431425180190249,-0.0464340141863595,-0.24131908055613777,0.881624549160587,0
-8.52028611454175,0.781487289804934,-4.96155094468204,-0.139906092424858,-5.03044442147909,-0.378378196305094,0.0057823297823045,3.17800249539704,-0.449005788451181,-0.299144793402371,-0.058227957371395,1.56591605387569,-0.196017645722512,2.91290820369379,-0.059743851714091,2.18679258606021,0.56724465691549,-0.141297030396939,-0.0962186210869751,-1.32681245738807,-0.835001258390424,-1.91167924496439,-2.15016020689098,0.250859771426004,-0.140822398807138,0.523765997568169,1.06416323445028,-1.04619140082443,7.363934884370852,-0.5174285412187644,0
-4.06400473842815,3.10093489093256,-1.18849800365476,3.26463274045175,-1.90356235801726,0.3203505872957,-0.954940039087007,-3.27753491983773,2.82082866173719,1.01511287978593,3.18718689736493,-7.00432728360605,0.872710605485111,-6.22060535304292,-0.904444629573358,-3.07509188469837,-5.04473569177435,-1.71808268516882,-0.662462068430895,-0.531897693292296,1.68866543097474,-0.0788446980063478,0.19373092657711,0.479495953884992,-0.50660305739906,-0.409862744197452,-3.03627132936069,-0.630605198840545,2.2030322084817997,-0.8493873283285753,1
-3.49910753739178,0.258555160773118,-4.48955807274398,4.85389435139681,-6.97452154477167,3.62838209065084,5.43127092073166,-1.94673371078472,-0.775680092900109,-1.9877731876087,4.69039566550924,-6.9980424321007,1.45401198637847,-3.73802333366749,0.31774206255503,-2.01354268083989,-5.1361351026702,-1.18382211654359,1.66339401354543,-3.04262575715977,-1.05236825623151,0.204816873569406,-2.11900744010783,0.170278608305444,-0.393844118118335,0.296367194488607,1.98591321801306,-0.900451638402827,24.97980856563963,-0.8884972802781987,1
-0.437672146679689,-0.757148876016592,1.98292747225826,-2.19195211245801,-0.741971649195451,0.224705311985674,-0.689605569320866,0.045963717025415,-2.11352930604565,1.43563797833286,0.873111408694288,-1.15588279466033,-0.483308191244849,-0.436949505003202,0.346673613948468,-0.32947724620571,0.250895102974188,0.731038093372263,-0.164111903540501,-0.251414077954323,0.046286249338539,0.585323963786122,-0.150630481753994,-0.332563230885235,-0.300807844763112,-0.154738720573626,-0.151159612747739,-0.0835041366340565,-0.06846922378257526,-0.09256452730882647,0
2.07798639129972,0.119378781118628,-1.73622196036984,0.410233569351009,0.395577613482309,-0.862747998537532,0.15008031208591,-0.204207927659791,0.574956306185286,-0.36319463047438,-0.702672521522489,-0.142589704949289,-0.436959665343607,-0.745931778480251,0.265176883653768,0.355975100072065,0.48325553931781,-0.227568877290003,0.0763904407601755,-0.186502666125591,-0.373874546879999,-0.996430859025105,0.339141421423173,0.467994470222061,-0.268339299345059,0.176655010039497,-0.0661465359259686,-0.0320523964773074,-0.27974568574023617,0.6457665151141343,0
1.91031239125946,1.29399525627765,-1.49864216057933,4.37769509793634,1.00692170248289,-0.74525370949898,0.365352906218335,-0.248486207215772,0.234218385560938,-0.0559355508986137,0.519640351090958,-3.29565683351959,1.2533941932143,-1.02596924325467,-1.31370239006778,1.66313713181856,2.13919285240095,0.71069397773348,-1.92140626322456,-0.274485105499143,-0.581973162628988,-1.40563984515202,0.319727690592769,-0.410578241019119,-0.278224419990522,-0.377513169054752,-0.0316698616118971,0.0104431875000021,-0.2304198979948299,0.2967375086643405,0
-0.205348770658834,0.643129331192988,1.03166734839548,-0.718434859400659,0.225053920564106,-0.797834682324314,0.672695636013627,-0.122463072299433,0.0346309758500701,-0.727666104357161,-1.1282136955527,-0.0555112562666537,-0.0005247481680583,-0.0487037234803427,-0.130370723670098,0.124273198132933,-0.518689335006633,-0.204750819128011,-0.151618348702839,-0.127650127714275,0.0826338371973368,0.333202838761571,-0.115291835453454,0.0185129945330992,-0.619084719785972,0.465170186903565,0.122057637666427,0.17579112001555,-0.2934395304967512,0.8897778404351555,0
-21.2091195927913,12.6521968313004,-23.5539329441267,6.17407791004356,-16.026658125511,-4.42219459449987,-16.2294437253382,14.1160019049786,-3.92274144947115,-8.72024451506225,5.49388683652872,-7.7408158639401,0.384814230466723,-8.078240669038,-0.0148996037313368,-6.7012888702885,-13.1592668578419,-4.90303149501704,1.1462752482696,1.60243883702914,1.75844007534189,-1.52258816196329,-0.903860197993699,0.130166452450156,1.45485651906738,-0.223214403323927,1.55092845004664,0.461459566763514,1.0897785230210297,-0.6793900304279891,1
-1.067713272294,5.26231210944906,-8.4385670664835,7.31648729995658,0.0082535729164869,-2.12593631959976,-3.3070357352934,1.86983752340028,-4.52258362448849,-5.17281182346005,5.59112619350265,-5.64041745782421,0.784510038605689,-12.0438056158463,0.353814874886981,-1.92055816814255,-1.87992827944447,0.679751299229409,0.797641375455208,0.821404548671474,0.547789786518153,-0.491959821843257,0.0559141341245579,-1.14536853471475,0.0689513455242996,0.535054734945035,0.539263072143882,0.124255055772618,-0.29665339202123947,0.8302141707491865,1
2.03832929239059,-0.11451040784649,-1.21097497277636,0.198567426455453,0.147861613193759,-0.573655110867921,0.0649416900977867,-0.141619918059712,0.294073587488145,0.23153298490015,0.666460413859497,1.06321312499261,0.134923216132494,0.435961727706647,-0.593694448624804,0.144812282027091,-0.63258894815576,-0.343971041033412,0.513461006773234,-0.200555644546134,-0.256774216427959,-0.629231976334023,0.283939966534073,-0.463624047044594,-0.287350795928488,0.208021124210715,-0.0713500469238477,-0.0744957437179185,-0.27974568574023617,0.918208625571259,0
-0.937843305478391,3.46288948991687,-6.44510395393435,4.9321986662268,-2.23398306982245,-2.29156112129773,-5.69559392853253,1.33882463362261,-4.32237655329329,-8.0991193981365,7.18296700883659,-9.44594338249901,-0.314619967520224,-12.9914655817567,-0.136358931959623,-6.36752437517144,-12.7343938853776,-3.84512965889743,1.00766725992114,1.12953228130351,1.06655024941577,-0.521657289347299,-0.319917292909547,-0.405859088093617,0.906802159957716,1.16578389011737,1.37449533233535,0.729889341911333,-0.30741284147278697,-0.00573315006050353,1
-0.806308471163704,1.18533345998653,1.20242144292716,-0.196321728118599,0.163735358487006,-0.633848079964801,0.711520708783629,-0.0870246259108101,-0.143647762454578,0.0995147552153381,-0.757115689507117,-0.0393436127989852,0.443628139259987,-0.0625250840523449,0.88154861301715,0.305462700154543,-0.613309812590726,-0.251689195942281,0.183693124877832,0.200497046162574,-0.287655919665231,-0.671550004641048,0.0120635628323313,-0.129644191291486,-0.0543356441640636,0.0979863082936392,0.264878660814534,0.157794533060404,-0.17578425207853002,-0.19370528319176683,0
-3.57636177773708,3.29943622098785,-7.46043319687438,7.78363417666419,-0.398548657536885,-1.96844144838725,-3.11047619254795,-0.328403695377149,-1.57436284547485,-2.49756054724841,4.60417047790948,-9.0019148555682,-1.27632400546329,-13.9694706254616,1.25694535316357,-4.49162922501012,-5.96998693103967,-1.27466622002178,1.14778361222539,-0.181455201194929,0.540730752300116,0.719526342466937,0.379248749413946,-0.616961860032022,-0.44281081400968,0.359840688732324,-2.65182487459349,0.422184391599186,-0.2934395304967512,0.7914331700325427,1
-5.31417320646342,4.14594361146639,-8.53252245892907,8.34439167363678,-5.71800820787464,-3.04353608094129,-10.9891846672722,3.40412865609659,-6.16723364181153,-11.435623996076,7.67453383416429,-14.2960914258331,0.526938923712363,-15.4450258118019,0.991651201275811,-12.3913460034009,-22.5416517287861,-7.98672065349455,2.99255446334225,1.15001731865814,2.33146580801509,0.862996305559532,-0.614453237551036,0.523647877136623,-0.712593271662611,0.324637964828057,2.24509146635599,0.497320848969724,0.9254523859428493,-0.5115779085750537,1
1.18978435670385,0.942289402014327,0.0823341450498769,3.02404970580847,0.412406009418248,-0.214414558479438,0.0535578385040748,-0.110353351082093,0.883797757350066,-0.554223900525873,0.154921008931302,-2.77675657494788,1.6412066261065,-0.45607695680899,-1.24041439240797,0.857322735948866,1.70702446635297,0.526349196477535,-0.865104609842214,-0.143434644974988,-0.502635558485173,-1.04739752764089,-0.0567520238885425,-0.340688404752184,0.541235201259928,-0.0983002868955662,-0.0030411199129353,0.049819020358336,-0.2544539928736114,-0.7926784854145373,1
-1.81328048476897,4.91785071056565,-5.92612969400656,5.70150043141163,1.20439257214362,-3.03513754815611,-1.71340206347108,0.561257390902032,-3.79635425171163,-7.45484065078351,7.38805512292025,-10.4752286504099,-0.379314526756117,-11.7367291212569,-2.08698895215593,-2.44235398293755,-3.53552351168246,0.130360306640887,-2.07145048844325,0.576656033332069,0.615641835107552,-0.4064272753179,-0.73701807643754,-0.279641772215917,1.1067663744335,0.323885477719453,0.894766671515833,0.569518600269514,-0.2934395304967512,-0.8962041377365806,1
-5.10025566317088,3.63344238024837,-3.84391862443125,0.183208447320966,-1.18399737637674,1.6021393332506,-3.00595315203476,-8.64503780175356,1.28545810732477,-3.71748137540216,3.71921153916465,-5.03402974701745,0.918999158233287,-4.22036591807154,-1.05049995739584,-1.69104526842648,-2.37242320724166,0.450098503348706,0.407805060819919,-2.80630192287329,8.28043932580154,-2.79714954096118,1.09070659271567,-0.159259597476933,0.532156369375709,-0.497125808167425,0.943621624807946,0.553580691756943,3.3426954516872778,0.08061654859667054,1
-1.29015543778342,-0.929509569221261,0.418924296967188,-0.778817647486612,2.66157407326271,1.16895233105009,-0.18432025910584,0.325974883488481,0.336768548823117,-0.392963103806228,-0.644382943998,-0.368511224474657,-0.962955615555547,0.0061862446492821,0.903076072389093,-2.01116381646751,1.28934288103596,-2.15064903226498,-0.136956045506876,-0.077924951965324,0.19139423319035,0.966391974042984,-0.330564185758344,-0.879753332333663,-0.191272023540132,1.69819856505474,-0.190981215232152,-0.052556294000072,-0.13973310976035772,0.9817784513445882,0
-1.04720142953554,0.180058169986812,1.6118864877855,0.246979425940042,1.0409702274065,-1.44377924240482,0.376575049938673,-0.067665046633308,-0.462695750159545,-0.599160424281812,-0.514968517897343,0.35524228356712,0.490550003549597,0.137948918372559,0.297674876306757,0.342595056149139,-0.776959935750192,-0.277404608081236,-0.867912188800139,0.0883688223100705,-0.0297773349050925,-0.394925823306867,0.164845768002634,0.346327488702264,-0.330803117301243,-0.85588648711811,0.113237078256886,0.17818854850286,-0.16781946482218962,-0.9659183026116378,0
-1.11197470379937,1.82967158310322,-1.53728447884758,-1.59144227576246,1.14789348708538,-1.06213463433684,1.45383252353818,-0.154650177656988,0.551492844591234,1.264760977819,0.0524677769991088,-0.367956443865325,-1.6799079002885,0.8162500112174,-0.551441362252182,-0.356575032678322,-0.821410933721282,0.357077130973912,0.215762487669212,0.504789359221454,0.0925288000329009,0.70259425614218,-0.268855277967858,-0.807035670103299,-0.0478620773891614,0.146701944656088,0.910023209010939,0.546817663512548,-0.29665339202123947,0.6730342226764882,0
1.37855899734127,1.28938093711056,-5.00424678441137,1.4118498419441,0.442580635567782,-1.3265359338336,-1.41316995590712,0.248525467627175,-1.12739593417081,-3.23215317539514,2.8584658156696,-3.09691489835154,-0.792532436177748,-5.21014084572584,-0.613803263850514,-2.15529688535221,-3.26711568106648,-0.68850546268346,0.737657217477667,0.226137945500703,0.370611857232494,0.0282344454140697,-0.145640429197154,-0.0810494069107769,0.521874501959455,0.739467256056059,0.389151843520624,0.186636547522687,-0.29679312513099976,0.9945488081391933,1
1.22758789349483,0.418401355713933,0.495835787790998,1.10332428905522,-0.266642220405149,-0.860895991464722,0.199391929558942,-0.260103630235251,-0.138100198496842,-0.0420393589310327,-0.149474870018438,0.899116245618618,1.31356390729028,0.0782845686749157,0.882360170355104,0.114246118025828,-0.548169280069218,-0.322048443838784,-0.382250947514413,-0.0511533279104292,-0.0373783857501247,-0.0256845474294344,-0.0373914333016049,0.414492583178259,0.584014126679977,-0.443634677868917,0.030105533791701,0.028995453514735,-0.20275274226227905,-0.15222218306136115,0
-1.41969964303245,-1.59699433420338,-1.20683291138436,-2.68807646237842,-0.672722007794245,-0.235317662702241,-0.857289979775563,0.503239506646663,-1.62382744966852,1.15422980277347,-0.351186467797569,-0.134336022093427,0.80703898638113,-0.201465488848533,-1.68822061045368,0.358278042403354,-0.29323255192518,0.829384366225375,-0.558270366488259,-0.711717582609139,0.14595757951739,0.717139963899918,0.419313280532445,0.193156491230826,-2.02013926315466,-0.716138391312119,-0.456078162241121,0.12874395943655,0.7685321036819674,0.9546987159153656,0
-13.1926709562391,12.785970638298,-9.90665002092758,3.32033688288942,-4.80117593230105,5.76005855618556,-18.7508891580107,-37.3534426378925,-0.391539743919107,-5.05250236713858,4.40680552357904,-4.61075647740608,-1.90948796970811,-9.07271093398351,-0.226074450896345,-6.21155748212485,-6.24814535335983,-3.14924669470095,0.0515761185277783,-3.49304991519446,27.2028391573154,-8.88701714094871,5.30360690376998,-0.639434802306313,0.263203123457008,-0.108876929971315,1.26956635541013,0.939407362758877,-0.2934395304967512,-0.19367003841680472,1
-3.63280894927825,5.43726336227612,-9.13652148062595,10.3072263079132,-5.42183029451154,-2.86481514933136,-10.6340876212042,3.01812657999175,-4.89164032107494,-11.2350479111446,8.78878366710272,-18.5536970096458,-0.339533407676443,-15.6231873302985,-0.188978574214972,-12.4279613630565,-20.1590474539227,-6.88889109280947,2.58609321670737,1.35406479520345,2.30988016889674,0.978660126299279,-0.0961301444473713,0.432376722544823,-0.435627929953396,0.65089278643537,1.69360750804844,0.857685371687245,-0.1880807657374415,0.10728509498466852,1
1.1601116923664,0.179875354743501,0.597929442574171,0.500021673303041,-0.306693017457009,-0.307143965759015,-0.0928135070315989,0.0488830419934021,-0.280737021672318,0.0493480659998722,1.94106950739103,1.3804291871092,0.494409248363884,0.412872587378724,0.53333570774238,0.132257730528683,-0.339463418129521,-0.60167338478505,-0.266838551087607,-0.100105834768409,-0.161032921923684,-0.453797920876573,0.174951732245191,0.227653120700724,0.0981030796154354,0.0931123880122894,-0.0140328015118941,0.0081832886699596,-0.2825403479354433,-0.5602156980227682,0
0.969683637493573,-0.442745202732684,1.004655619256,0.459686375347211,-0.0784490869747953,2.23651916269916,-1.07268959104982,0.843642452466984,0.689642342249838,-0.260503394693049,1.61670999856317,1.34760395074214,-0.149224884028432,-0.0905679172266907,0.62232637596012,-0.807261107746987,0.665610628488982,-1.56677805767771,-1.17895703875346,-0.216719016055971,0.0586428912328434,0.469986863790676,0.104408235269372,-1.31119086620124,-0.051075149239238,0.448486753179346,0.0830659337956387,-0.0007954361760573,-0.1467197652483756,-0.559863250273147,0
1.87837937914837,0.287728507762692,-0.0650408855222996,3.67427123733771,0.149212939756516,0.769300159934435,-0.473873005022008,0.148542931962896,-0.449980692977377,1.37412828322087,-1.5177051888038,-0.0226449117069132,0.887030523349384,-0.361848947257346,-0.397049540935688,1.33088720302028,-1.15640165461212,0.192260588680918,-1.71711111014148,-0.164404548103497,0.249968852980471,0.784522333175444,0.116847625091756,0.478450476437292,-0.0936229143600007,0.0810330071946701,0.0080446248272031,-0.0249487891467752,-0.02864528750087334,0.5087465783197641,0
-3.14631053074193,1.59815522722862,-0.963119876857724,-0.404629566766655,-0.100385654559249,0.47258784592327,-0.754145452603433,-2.3619222839889,-0.2268831058923,-1.12591179021339,0.62249647545594,0.833813618032233,-0.506331552449518,-0.577318682914017,-1.32730012797427,0.495109357353055,1.25192902883301,0.687437603303574,0.104855434286224,-1.34140025891563,3.05800794761667,-0.910789962046386,0.137176832822676,0.633244912069756,1.07635587314827,0.732339820561873,-0.392931542519062,-0.388536997763282,0.2505414658003214,0.5799762685181922,0
1.80883446689686,-1.33302991313916,-0.556547587163047,-0.165514795366246,-1.38838350489449,-0.731744451561169,-0.663268063765026,-0.0923207644035894,0.479492458237084,0.517942234205579,-1.29822433408161,-0.450946862664921,-0.990599001891926,0.196414683954648,0.730369205207688,-1.36491222233253,-0.205982320438641,1.37324461883133,-0.766320229390042,-0.424836977752775,-0.503475609296267,-1.23412738581758,0.331022378591628,-0.161603558729256,-0.565928688428572,-0.989280794639714,0.0435805143461996,9.28601235991589e-06,1.9135052050583385,0.44381395458123335,0
2.09416626412045,-0.226142170647038,-1.52420731791814,0.0596636184991214,0.322457730448959,-0.302062678546339,-0.0308496847465256,-0.0435781087488823,0.556195824052867,0.282510609151852,-0.234500874790311,0.0670751448328757,-1.15431400403931,0.670518991548444,-0.436259772065372,0.468426322578061,-0.856025683042772,0.14062333957362,0.851771230076821,-0.2627011529645,-0.323709179460608,-0.894058152258509,0.209918257659365,-1.13431007759954,-0.229121562172483,0.249893940995259,-0.0846509937869302,-0.0838816952834767,-0.27974568574023617,0.9131568744933564,0
-22.5616992591298,13.2089042844176,-24.6438187771226,6.23253182330679,-16.905611362323,-4.49743871970001,-16.8101841919321,14.9551067734604,-3.87129682308601,-8.58126551626339,5.25698760960799,-7.39361499215009,0.538800829120431,-7.57755201800709,-0.030725531904052,-6.45478323655342,-12.8456565242928,-4.86591773720169,1.06244185030067,1.62144422472126,1.76598663639159,-1.6355166467436,-0.998316503452087,0.138972227361725,1.55935014018173,-0.22212451669,1.5044246600224,0.445919826109776,1.0897785230210297,-0.6785911488621812,1
-2.14441147422114,1.0734990949761,-2.77366294436956,1.38439373061694,-4.01547712730958,0.747235431622141,1.52563753547227,0.192987836205386,-2.43186196584916,-4.15583783449678,4.35477463025116,-2.87240010922107,0.468875462284219,-4.55566674751092,0.699671492981511,-2.90114077639634,-4.67466711122835,-2.21362325223921,1.29616504982889,0.668123787084126,0.14465327974064,-0.885681640451265,0.625098628062992,0.0965268919194303,-0.189454895625625,0.532908314019749,0.423044721673666,-0.210266310409715,10.90644868301544,-0.5045759466159142,1
1.28620873732046,-0.824774245853075,0.829653115339722,-0.85897109655106,-1.1423453894583,0.251987197723958,-1.21333126131036,0.254026257249307,-0.600934316075571,0.735048392073043,1.26342589632468,-0.106833808443645,0.0087743891066347,-0.18885130230247,0.720076918121798,1.492539511339,-0.0204729238907364,-0.665697090520837,0.275401369452703,0.0906266090488078,0.444080682054128,1.19521031566017,-0.133938531118242,-0.258744981962178,0.35458750288816,-0.0176266426536805,0.0455872111223066,0.0107401953428238,0.041780199818346936,-0.4957177598421034,0
-1.25572349693024,0.541494960550966,2.05656282057543,1.75213620743801,-0.33933206608294,0.593659443044776,-0.552435153345699,0.860263944222186,0.413378984979834,-0.660277919780344,-1.27538780312794,0.927223189178765,0.0584448448390508,-0.5110970241248,-1.39447407214555,-1.53857466756497,1.32662279112235,-1.04371111552744,1.28702957050394,0.157789637970026,-0.292743214447076,-0.509922628178744,-0.048389358032646,0.0978067948656884,-0.0253924985291478,-0.373438985218324,0.332446105969155,0.0493263952690802,-0.2596241179347446,-0.2453388785112607,0
0.467991939825149,1.1001181155631,-5.60714499999017,2.20471352581391,-0.578538842835423,-0.174199760931247,-3.45420147180469,1.10282268929697,-1.06501551547524,-5.41603688884657,4.49792897288062,-5.01960988798824,-1.01969120130359,-7.91498900748283,0.669648023350281,-4.47201433366572,-5.8569977597527,-2.2431779037749,-0.17381402447058,0.589574721718141,0.983480729453912,0.899876105807612,-0.285103424654105,-1.92971710448514,0.319868526124677,0.170636428415686,0.851798305715368,0.372098282227753,1.376930063578565,0.6470353270127703,1
1.51809209267574,-1.16892899603406,-0.501070203522934,0.423644969195213,-0.987064822705494,-0.485897779941701,-0.244991136933286,-0.180308268887698,1.30922843355112,-0.365651309610517,-0.697178146701528,1.13791932279308,1.34313570837842,-0.394524887464284,0.45020015950925,0.0104481828639878,-0.459117516489207,-0.0683560703407247,-0.283476960368602,0.353734727237829,0.345575323983271,0.770516633318948,-0.084246873846246,0.0756976277923805,-0.233580300602276,0.0985108606494599,-0.01849321344344,0.0022701824459729,3.185914902536156,0.6036842538093727,0
-19.8563223334433,12.0958932259299,-22.4640827464876,6.11554110191771,-15.1480215209615,-4.34672408349599,-15.6485074722661,13.2768048056341,-3.97416161954102,-8.85919405880884,5.73081553744459,-8.08803351213651,0.230824969324902,-8.57897327333454,0.000946636693186,-6.94774606726094,-13.4728970076501,-4.94021082886802,1.23014255193802,1.58292955492187,1.75072984045421,-1.40963570908141,-0.809809278333882,0.121396659905885,1.35030007077468,-0.224291873525585,1.59762136835254,0.476919818025438,1.0897785230210297,-0.6826560462411447,1
1.18522840353998,0.363214709878948,0.413729295049469,1.25102810394957,-0.243934727712187,-0.836648409088356,0.250599725570382,-0.277617181030656,-0.207836361350611,0.016626016130892,-0.202724924395813,0.841576639994705,1.30746499915947,0.0821019326648068,0.80166316996888,0.0935786258501792,-0.544100655761678,-0.219405951764741,-0.491707236861231,-0.0082139220309672,0.100372869253904,0.342841533971318,-0.146701173443518,0.437886730215685,0.70710572504098,-0.28804303674423,0.021623763641022,0.0293143515026394,0.1116467546985258,-0.20991787967433828,0
-16.5986647432584,10.5417508026636,-19.8189818085279,6.0172946473619,-13.0259010501237,-4.12877900260013,-14.1188648469369,11.1611439952369,-4.09955143059712,-9.22282550730978,6.32936467621872,-8.95219071159749,-0.138363691274054,-9.82505442102721,0.0572235922374037,-7.54168742379503,-14.2595985921417,-5.03505152375192,1.43226792970939,1.53491982113512,1.72585282658181,-1.15160577552799,-0.680051901875725,0.108175914514646,1.06687834149611,-0.233720431391328,1.70752055210726,0.51142316911239,1.0897785230210297,-0.6985631880073779,1
-3.89119195123086,7.09891625215749,-11.4264670967961,8.60755678650129,-2.06570621026229,-2.98528802203595,-8.13858941693861,2.97392807853452,-6.27279046836547,-13.1934150665232,11.6197234753825,-17.6316063138707,-0.355194389515515,-18.8220867423816,-1.2831290856146,-10.0310966568698,-15.2270075099256,-5.32200898058982,-0.501750653452579,1.38261899967275,1.75708522742867,-0.18970915318715,-0.508629244173448,-1.18930816877394,1.18853649934791,0.605241885913626,1.8815287524148,0.875260407222375,-0.2934395304967512,-0.8583629976855931,1
-0.858120677947616,1.24776495025635,1.31402567941232,0.0446110355373275,-0.284507707305429,-0.6641746093662,0.323297427860168,0.439914511619792,-0.694672451549175,-0.604193767129722,0.0844076530461772,0.674958278281964,0.713662540577331,0.370861736179635,0.963005073484397,-0.0985489357821887,0.133035844857152,-0.951290040708785,-0.479222365805503,0.0163653446249021,-0.120917730413912,-0.378718177990015,0.109832159786559,0.398701202799921,-0.260581611595369,0.0801572071426587,0.159973758313985,0.0532772400074621,-0.16865786348075176,-0.29946310459474385,0
1.98424079613247,0.115782732788196,-1.65912745028773,0.440728145408658,0.174925629032737,-1.16745403934305,0.153436322285011,-0.217630193318173,0.358445352173547,-0.308374592076621,1.4356985527259,0.676843718998002,-0.338103645201887,-0.473259670913405,0.265013410133106,0.327666392410403,0.246406641809035,0.908694593484483,-0.247638101717515,-0.203358871932845,0.260785208457571,0.869906433060594,-0.0198459605994337,-0.0517545677617219,0.186102461790931,-0.121078973977355,-0.0058945221885278,-0.0401309730415046,-0.14951442744358276,0.7430420940095631,0
